あきる野市	東京都	埼玉県
あさぎり町	熊本県	埼玉県
あま市	愛知県	埼玉県
あわら市	福井県	埼玉県
いすみ市	千葉県	埼玉県
いちき串木野市	鹿児島県	埼玉県
いなべ市	三重県	埼玉県
いの町	高知県	埼玉県
いわき市	福島県	埼玉県
うきは市	福岡県	埼玉県
うるま市	沖縄県	埼玉県
えびの市	宮崎県	埼玉県
えりも町	北海道	埼玉県
おいらせ町	青森県	埼玉県
おおい町	福井県	沖縄県
かすみがうら市	茨城県	埼玉県
かつらぎ町	和歌山県	埼玉県
かほく市	石川県	埼玉県
さいたま市	埼玉県	佐賀県
さいたま市浦和区	埼玉県	佐賀県
さいたま市岩槻区	埼玉県	佐賀県
さいたま市見沼区	埼玉県	佐賀県
さいたま市桜区	埼玉県	佐賀県
さいたま市西区	埼玉県	佐賀県
さいたま市大宮区	埼玉県	佐賀県
さいたま市中央区	埼玉県	佐賀県
さいたま市南区	埼玉県	佐賀県
さいたま市北区	埼玉県	佐賀県
さいたま市緑区	埼玉県	佐賀県
さくら市	栃木県	佐賀県
さつま町	鹿児島県	佐賀県
さぬき市	香川県	佐賀県
すさみ町	和歌山県	埼玉県
せたな町	北海道	埼玉県
たつの市	兵庫県	埼玉県
つがる市	青森県	東京都
つくばみらい市	茨城県	京都府
つくば市	茨城県	東京都
つるぎ町	徳島県	埼玉県
ときがわ町	埼玉県	北海道
にかほ市	秋田県	埼玉県
ニセコ町	北海道	東京都
ひたちなか市	茨城県	広島県
ふじみ野市	埼玉県	東京都
まんのう町	香川県	埼玉県
みどり市	群馬県	埼玉県
みなかみ町	群馬県	宮城県
みなべ町	和歌山県	埼玉県
みやき町	佐賀県	宮城県
みやこ町	福岡県	宮城県
みやま市	福岡県	宮城県
みよし市	愛知県	宮城県
むかわ町	北海道	埼玉県
むつ市	青森県	埼玉県
阿賀町	新潟県	埼玉県
阿賀野市	新潟県	埼玉県
阿久根市	鹿児島県	埼玉県
阿久比町	愛知県	埼玉県
阿見町	茨城県	埼玉県
阿蘇市	熊本県	埼玉県
阿智村	長野県	埼玉県
阿南市	徳島県	埼玉県
阿南町	長野県	埼玉県
阿波市	徳島県	埼玉県
阿武町	山口県	埼玉県
愛西市	愛知県	愛媛県
愛川町	神奈川県	愛知県
愛荘町	滋賀県	愛知県
愛南町	愛媛県	愛知県
愛別町	北海道	愛知県
姶良市	鹿児島県	埼玉県
旭市	千葉県	埼玉県
旭川市	北海道	埼玉県
芦屋市	兵庫県	埼玉県
芦屋町	福岡県	埼玉県
芦別市	北海道	埼玉県
芦北町	熊本県	埼玉県
綾瀬市	神奈川県	埼玉県
綾川町	香川県	埼玉県
綾町	宮崎県	埼玉県
綾部市	京都府	埼玉県
粟国村	沖縄県	埼玉県
粟島浦村	新潟県	埼玉県
安芸高田市	広島県	埼玉県
安芸市	高知県	埼玉県
安芸太田町	広島県	埼玉県
安城市	愛知県	埼玉県
安中市	群馬県	埼玉県
安田町	高知県	埼玉県
安堵町	奈良県	埼玉県
安曇野市	長野県	埼玉県
安八町	岐阜県	埼玉県
安平町	北海道	埼玉県
安来市	島根県	埼玉県
鞍手町	福岡県	埼玉県
伊賀市	三重県	滋賀県
伊江村	沖縄県	埼玉県
伊根町	京都府	埼玉県
伊佐市	鹿児島県	埼玉県
伊是名村	沖縄県	島根県
伊勢原市	神奈川県	埼玉県
伊勢崎市	群馬県	埼玉県
伊勢市	三重県	埼玉県
伊仙町	鹿児島県	埼玉県
伊達市	北海道	埼玉県
伊達市	福島県	東京都
伊丹市	兵庫県	埼玉県
伊東市	静岡県	東京都
伊豆の国市	静岡県	島根県
伊豆市	静岡県	東京都
伊奈町	埼玉県	島根県
伊那市	長野県	埼玉県
伊平屋村	沖縄県	埼玉県
伊方町	愛媛県	埼玉県
伊万里市	佐賀県	宮城県
伊予市	愛媛県	埼玉県
井原市	岡山県	埼玉県
井手町	京都府	埼玉県
井川町	秋田県	埼玉県
一関市	岩手県	埼玉県
一宮市	愛知県	埼玉県
一宮町	千葉県	宮城県
一戸町	岩手県	埼玉県
壱岐市	長崎県	埼玉県
稲城市	東京都	埼玉県
稲沢市	愛知県	埼玉県
稲美町	兵庫県	埼玉県
稲敷市	茨城県	埼玉県
茨城町	茨城県	大阪府
茨木市	大阪府	茨城県
印西市	千葉県	埼玉県
印南町	和歌山県	埼玉県
隠岐の島町	島根県	沖縄県
宇検村	鹿児島県	埼玉県
宇佐市	大分県	埼玉県
宇治市	京都府	東京都
宇治田原町	京都府	埼玉県
宇城市	熊本県	埼玉県
宇多津町	香川県	京都府
宇陀市	奈良県	埼玉県
宇都宮市	栃木県	東京都
宇土市	熊本県	埼玉県
宇美町	福岡県	埼玉県
宇部市	山口県	埼玉県
宇和島市	愛媛県	島根県
羽曳野市	大阪府	東京都
羽後町	秋田県	埼玉県
羽咋市	石川県	埼玉県
羽生市	埼玉県	北海道
羽村市	東京都	埼玉県
羽島市	岐阜県	島根県
羽幌町	北海道	埼玉県
雨竜町	北海道	埼玉県
臼杵市	大分県	埼玉県
浦安市	千葉県	埼玉県
浦臼町	北海道	埼玉県
浦河町	北海道	埼玉県
浦添市	沖縄県	埼玉県
浦幌町	北海道	埼玉県
雲仙市	長崎県	埼玉県
雲南市	島根県	埼玉県
栄村	長野県	埼玉県
栄町	千葉県	埼玉県
永平寺町	福井県	埼玉県
益子町	栃木県	埼玉県
益城町	熊本県	埼玉県
益田市	島根県	埼玉県
越生町	埼玉県	広島県
越前市	福井県	埼玉県
越前町	福井県	埼玉県
越谷市	埼玉県	東京都
越知町	高知県	埼玉県
奄美市	鹿児島県	広島県
延岡市	宮崎県	岡山県
燕市	新潟県	埼玉県
猿払村	北海道	埼玉県
遠賀町	福岡県	北海道
遠軽町	北海道	京都府
遠別町	北海道	京都府
遠野市	岩手県	埼玉県
塩尻市	長野県	埼玉県
塩谷町	栃木県	埼玉県
塩竈市	宮城県	埼玉県
奥州市	岩手県	埼玉県
奥出雲町	島根県	埼玉県
奥尻町	北海道	埼玉県
奥多摩町	東京都	埼玉県
横芝光町	千葉県	京都府
横手市	秋田県	埼玉県
横須賀市	神奈川県	広島県
横瀬町	埼玉県	北海道
横浜市	神奈川県	広島県
横浜市旭区	神奈川県	大阪府
横浜市磯子区	神奈川県	大阪府
横浜市栄区	神奈川県	大阪府
横浜市金沢区	神奈川県	大阪府
横浜市戸塚区	神奈川県	東京都
横浜市港南区	神奈川県	大阪府
横浜市港北区	神奈川県	大阪府
横浜市神奈川区	神奈川県	大阪府
横浜市瀬谷区	神奈川県	大阪府
横浜市西区	神奈川県	大阪府
横浜市青葉区	神奈川県	大阪府
横浜市泉区	神奈川県	大阪府
横浜市中区	神奈川県	大阪府
横浜市鶴見区	神奈川県	広島県
横浜市都筑区	神奈川県	東京都
横浜市南区	神奈川県	大阪府
横浜市保土ケ谷区	神奈川県	大阪府
横浜市緑区	神奈川県	大阪府
横浜町	青森県	広島県
王寺町	奈良県	宮城県
王滝村	長野県	埼玉県
岡垣町	福岡県	岡山県
岡崎市	愛知県	岡山県
岡山市	岡山県	埼玉県
岡山市中区	岡山県	大阪府
岡山市東区	岡山県	大阪府
岡山市南区	岡山県	大阪府
岡山市北区	岡山県	大阪府
岡谷市	長野県	岡山県
沖縄市	沖縄県	京都府
屋久島町	鹿児島県	島根県
桶川市	埼玉県	東京都
乙部町	北海道	埼玉県
恩納村	沖縄県	埼玉県
音威子府村	北海道	埼玉県
音更町	北海道	埼玉県
下関市	山口県	埼玉県
下郷町	福島県	埼玉県
下妻市	茨城県	埼玉県
下市町	奈良県	埼玉県
下松市	山口県	埼玉県
下仁田町	群馬県	埼玉県
下諏訪町	長野県	埼玉県
下川町	北海道	石川県
下田市	静岡県	東京都
下北山村	奈良県	北海道
下野市	栃木県	埼玉県
下呂市	岐阜県	埼玉県
下條村	長野県	埼玉県
加賀市	石川県	埼玉県
加古川市	兵庫県	埼玉県
加須市	埼玉県	東京都
加西市	兵庫県	埼玉県
加東市	兵庫県	東京都
加美町	宮城県	埼玉県
加茂市	新潟県	埼玉県
可児市	岐阜県	埼玉県
嘉手納町	沖縄県	埼玉県
嘉島町	熊本県	島根県
嘉麻市	福岡県	埼玉県
歌志内市	北海道	埼玉県
河合町	奈良県	埼玉県
河津町	静岡県	埼玉県
河内町	茨城県	埼玉県
河内長野市	大阪府	埼玉県
河南町	大阪府	埼玉県
河北町	山形県	埼玉県
花巻市	岩手県	埼玉県
我孫子市	千葉県	埼玉県
芽室町	北海道	埼玉県
会津坂下町	福島県	埼玉県
会津若松市	福島県	京都府
会津美里町	福島県	埼玉県
海士町	島根県	埼玉県
海津市	岐阜県	埼玉県
海田町	広島県	埼玉県
海南市	和歌山県	埼玉県
海陽町	徳島県	埼玉県
海老名市	神奈川県	埼玉県
皆野町	埼玉県	北海道
蟹江町	愛知県	埼玉県
開成町	神奈川県	埼玉県
階上町	青森県	埼玉県
貝塚市	大阪府	埼玉県
外ヶ浜町	青森県	沖縄県
各務原市	岐阜県	埼玉県
角田市	宮城県	埼玉県
掛川市	静岡県	埼玉県
笠岡市	岡山県	埼玉県
笠間市	茨城県	埼玉県
笠松町	岐阜県	埼玉県
笠置町	京都府	埼玉県
橿原市	奈良県	埼玉県
潟上市	秋田県	埼玉県
滑川市	富山県	埼玉県
滑川町	埼玉県	北海道
葛巻町	岩手県	埼玉県
葛城市	奈良県	埼玉県
葛飾区	東京都	埼玉県
葛尾村	福島県	埼玉県
蒲郡市	愛知県	埼玉県
釜石市	岩手県	埼玉県
鎌ケ谷市	千葉県	埼玉県
鎌倉市	神奈川県	埼玉県
鴨川市	千葉県	埼玉県
茅ヶ崎市	神奈川県	埼玉県
茅野市	長野県	埼玉県
刈羽村	新潟県	埼玉県
刈谷市	愛知県	埼玉県
苅田町	福岡県	埼玉県
寒河江市	山形県	埼玉県
寒川町	神奈川県	北海道
甘楽町	群馬県	埼玉県
肝付町	鹿児島県	埼玉県
観音寺市	香川県	京都府
関ケ原町	岐阜県	埼玉県
関市	岐阜県	埼玉県
関川村	新潟県	埼玉県
館山市	千葉県	埼玉県
館林市	群馬県	埼玉県
丸亀市	香川県	埼玉県
丸森町	宮城県	埼玉県
岸和田市	大阪府	埼玉県
岩見沢市	北海道	岩手県
岩国市	山口県	岩手県
岩手町	岩手県	石川県
岩出市	和歌山県	岩手県
岩沼市	宮城県	岩手県
岩泉町	岩手県	石川県
岩倉市	愛知県	岩手県
岩内町	北海道	岩手県
岩美町	鳥取県	岩手県
喜界町	鹿児島県	埼玉県
喜多方市	福島県	埼玉県
喜茂別町	北海道	埼玉県
基山町	佐賀県	山口県
嬉野市	佐賀県	埼玉県
寄居町	埼玉県	東京都
岐南町	岐阜県	埼玉県
岐阜市	岐阜県	京都府
気仙沼市	宮城県	埼玉県
紀の川市	和歌山県	京都府
紀美野町	和歌山県	京都府
紀宝町	三重県	京都府
紀北町	三重県	埼玉県
鬼北町	愛媛県	埼玉県
亀岡市	京都府	埼玉県
亀山市	三重県	埼玉県
宜野座村	沖縄県	埼玉県
宜野湾市	沖縄県	埼玉県
菊川市	静岡県	埼玉県
菊池市	熊本県	埼玉県
菊陽町	熊本県	埼玉県
吉岡町	群馬県	岐阜県
吉賀町	島根県	岐阜県
吉見町	埼玉県	岐阜県
吉川市	埼玉県	岐阜県
吉田町	静岡県	埼玉県
吉備中央町	岡山県	埼玉県
吉富町	福岡県	岐阜県
吉野ヶ里町	佐賀県	岐阜県
吉野川市	徳島県	岐阜県
吉野町	奈良県	岐阜県
杵築市	大分県	埼玉県
久喜市	埼玉県	東京都
久御山町	京都府	山口県
久山町	福岡県	山口県
久慈市	岩手県	埼玉県
久米島町	沖縄県	島根県
久米南町	岡山県	熊本県
久万高原町	愛媛県	北海道
久留米市	福岡県	埼玉県
宮古市	岩手県	宮城県
宮古島市	沖縄県	宮城県
宮崎市	宮崎県	宮城県
宮若市	福岡県	宮城県
宮代町	埼玉県	宮城県
宮津市	京都府	宮城県
宮田村	長野県	宮城県
球磨村	熊本県	埼玉県
牛久市	茨城県	埼玉県
鋸南町	千葉県	埼玉県
魚沼市	新潟県	埼玉県
魚津市	富山県	埼玉県
京極町	北海道	京都府
京丹後市	京都府	東京都
京丹波町	京都府	東京都
京田辺市	京都府	東京都
京都市	京都府	東京都
京都市右京区	京都府	東京都
京都市下京区	京都府	東京都
京都市左京区	京都府	東京都
京都市山科区	京都府	東京都
京都市上京区	京都府	東京都
京都市西京区	京都府	東京都
京都市中京区	京都府	東京都
京都市東山区	京都府	東京都
京都市南区	京都府	東京都
京都市伏見区	京都府	東京都
京都市北区	京都府	東京都
共和町	北海道	埼玉県
喬木村	長野県	埼玉県
境港市	鳥取県	埼玉県
境町	茨城県	埼玉県
橋本市	和歌山県	埼玉県
狭山市	埼玉県	広島県
興部町	北海道	埼玉県
鏡石町	福島県	石川県
鏡野町	岡山県	埼玉県
玉城町	三重県	埼玉県
玉川村	福島県	埼玉県
玉村町	群馬県	埼玉県
玉東町	熊本県	埼玉県
玉名市	熊本県	埼玉県
玉野市	岡山県	埼玉県
桐生市	群馬県	埼玉県
錦江町	鹿児島県	京都府
錦町	熊本県	京都府
琴浦町	鳥取県	埼玉県
琴平町	香川県	埼玉県
近江八幡市	滋賀県	京都府
金ケ崎町	岩手県	埼玉県
金山町	山形県	山口県
金山町	福島県	山梨県
金沢市	石川県	埼玉県
金武町	沖縄県	埼玉県
九戸村	岩手県	埼玉県
九十九里町	千葉県	東京都
九重町	大分県	京都府
九度山町	和歌山県	山口県
倶知安町	北海道	埼玉県
玖珠町	大分県	京都府
駒ヶ根市	長野県	埼玉県
串間市	宮崎県	埼玉県
串本町	和歌山県	埼玉県
釧路市	北海道	熊本県
釧路町	北海道	熊本県
熊取町	大阪府	埼玉県
熊谷市	埼玉県	東京都
熊本市	熊本県	広島県
熊本市西区	熊本県	広島県
熊本市中央区	熊本県	広島県
熊本市東区	熊本県	広島県
熊本市南区	熊本県	広島県
熊本市北区	熊本県	広島県
熊野市	三重県	埼玉県
熊野町	広島県	熊本県
栗原市	宮城県	埼玉県
栗山町	北海道	埼玉県
栗東市	滋賀県	埼玉県
桑折町	福島県	埼玉県
桑名市	三重県	埼玉県
君津市	千葉県	埼玉県
訓子府町	北海道	埼玉県
郡山市	福島県	埼玉県
郡上市	岐阜県	埼玉県
恵庭市	北海道	埼玉県
恵那市	岐阜県	埼玉県
桂川町	福岡県	埼玉県
軽井沢町	長野県	埼玉県
軽米町	岩手県	埼玉県
芸西村	高知県	埼玉県
穴水町	石川県	埼玉県
結城市	茨城県	埼玉県
月形町	北海道	埼玉県
剣淵町	北海道	埼玉県
犬山市	愛知県	埼玉県
見附市	新潟県	埼玉県
原村	長野県	埼玉県
玄海町	佐賀県	埼玉県
古河市	茨城県	埼玉県
古賀市	福岡県	埼玉県
古座川町	和歌山県	石川県
古殿町	福島県	埼玉県
古平町	北海道	埼玉県
戸沢村	山形県	埼玉県
戸田市	埼玉県	東京都
湖西市	静岡県	埼玉県
湖南市	滋賀県	兵庫県
菰野町	三重県	埼玉県
五ヶ瀬町	宮崎県	埼玉県
五霞町	茨城県	埼玉県
五戸町	青森県	埼玉県
五所川原市	青森県	埼玉県
五城目町	秋田県	京都府
五泉市	新潟県	埼玉県
五島市	長崎県	島根県
五木村	熊本県	埼玉県
五條市	奈良県	京都府
呉市	広島県	埼玉県
御宿町	千葉県	宮城県
御所市	奈良県	宮城県
御杖村	奈良県	宮城県
御嵩町	岐阜県	宮城県
御船町	熊本県	宮城県
御前崎市	静岡県	宮城県
御蔵島村	東京都	宮城県
御代田町	長野県	宮城県
御殿場市	静岡県	宮城県
御浜町	三重県	宮城県
御坊市	和歌山県	宮城県
交野市	大阪府	埼玉県
光市	山口県	埼玉県
厚岸町	北海道	埼玉県
厚真町	北海道	埼玉県
厚沢部町	北海道	埼玉県
厚木市	神奈川県	埼玉県
向日市	京都府	埼玉県
幸手市	埼玉県	京都府
幸田町	愛知県	福岡県
広川町	和歌山県	広島県
広川町	福岡県	埼玉県
広島市	広島県	京都府
広島市安芸区	広島県	京都府
広島市安佐南区	広島県	大阪府
広島市安佐北区	広島県	大阪府
広島市佐伯区	広島県	大阪府
広島市西区	広島県	大阪府
広島市中区	広島県	大阪府
広島市東区	広島県	大阪府
広島市南区	広島県	大阪府
広尾町	北海道	広島県
広野町	福島県	広島県
広陵町	奈良県	広島県
弘前市	青森県	広島県
更別村	北海道	埼玉県
江戸川区	東京都	埼玉県
江差町	北海道	埼玉県
江津市	島根県	埼玉県
江田島市	広島県	島根県
江東区	東京都	埼玉県
江南市	愛知県	埼玉県
江府町	鳥取県	埼玉県
江別市	北海道	埼玉県
江北町	佐賀県	埼玉県
港区	東京都	埼玉県
甲賀市	滋賀県	埼玉県
甲佐町	熊本県	埼玉県
甲州市	山梨県	埼玉県
甲斐市	山梨県	埼玉県
甲府市	山梨県	埼玉県
甲良町	滋賀県	埼玉県
荒川区	東京都	埼玉県
荒尾市	熊本県	埼玉県
行橋市	福岡県	埼玉県
行田市	埼玉県	東京都
行方市	茨城県	埼玉県
香芝市	奈良県	香川県
香取市	千葉県	香川県
香春町	福岡県	香川県
香南市	高知県	香川県
香美市	高知県	香川県
香美町	兵庫県	香川県
高岡市	富山県	高知県
高原町	宮崎県	高知県
高根沢町	栃木県	高知県
高砂市	兵庫県	高知県
高崎市	群馬県	高知県
高山市	岐阜県	高知県
高山村	群馬県	高知県
高山村	長野県	山口県
高取町	奈良県	高知県
高松市	香川県	高知県
高森町	長野県	高知県
高森町	熊本県	埼玉県
高石市	大阪府	高知県
高千穂町	宮崎県	高知県
高知市	高知県	広島県
高槻市	大阪府	高知県
高島市	滋賀県	高知県
高鍋町	宮崎県	高知県
高萩市	茨城県	高知県
高畠町	山形県	高知県
高浜市	愛知県	高知県
高浜町	福井県	高知県
高野町	和歌山県	高知県
高梁市	岡山県	高知県
鴻巣市	埼玉県	広島県
合志市	熊本県	埼玉県
国見町	福島県	埼玉県
国東市	大分県	埼玉県
国頭村	沖縄県	埼玉県
国富町	宮崎県	埼玉県
国分寺市	東京都	京都府
国立市	東京都	埼玉県
黒松内町	北海道	埼玉県
黒石市	青森県	石川県
黒滝村	奈良県	埼玉県
黒潮町	高知県	北海道
黒部市	富山県	埼玉県
狛江市	東京都	埼玉県
今帰仁村	沖縄県	埼玉県
今金町	北海道	埼玉県
今治市	愛媛県	京都府
今別町	青森県	埼玉県
根羽村	長野県	埼玉県
根室市	北海道	埼玉県
佐井村	青森県	佐賀県
佐賀市	佐賀県	埼玉県
佐久市	長野県	佐賀県
佐久穂町	長野県	佐賀県
佐々町	長崎県	佐賀県
佐世保市	長崎県	佐賀県
佐川町	高知県	佐賀県
佐倉市	千葉県	佐賀県
佐渡市	新潟県	佐賀県
佐那河内村	徳島県	佐賀県
佐伯市	大分県	佐賀県
佐野市	栃木県	佐賀県
佐用町	兵庫県	佐賀県
佐呂間町	北海道	佐賀県
砂川市	北海道	埼玉県
座間市	神奈川県	埼玉県
座間味村	沖縄県	埼玉県
最上町	山形県	埼玉県
坂井市	福井県	埼玉県
坂戸市	埼玉県	東京都
坂祝町	岐阜県	埼玉県
坂出市	香川県	埼玉県
坂城町	長野県	埼玉県
坂町	広島県	埼玉県
坂東市	茨城県	埼玉県
阪南市	大阪府	広島県
堺市	大阪府	埼玉県
堺市堺区	大阪府	東京都
堺市西区	大阪府	東京都
堺市中区	大阪府	東京都
堺市東区	大阪府	東京都
堺市南区	大阪府	東京都
堺市美原区	大阪府	埼玉県
堺市北区	大阪府	東京都
桜井市	奈良県	埼玉県
桜川市	茨城県	埼玉県
鮭川村	山形県	埼玉県
札幌市	北海道	京都府
札幌市厚別区	北海道	大阪府
札幌市手稲区	北海道	京都府
札幌市清田区	北海道	東京都
札幌市西区	北海道	大阪府
札幌市中央区	北海道	大阪府
札幌市東区	北海道	東京都
札幌市南区	北海道	大阪府
札幌市白石区	北海道	大阪府
札幌市豊平区	北海道	東京都
札幌市北区	北海道	大阪府
薩摩川内市	鹿児島県	佐賀県
鯖江市	福井県	埼玉県
鮫川村	福島県	埼玉県
三浦市	神奈川県	三重県
三笠市	北海道	三重県
三郷市	埼玉県	三重県
三郷町	奈良県	三重県
三原市	広島県	三重県
三原村	高知県	三重県
三戸町	青森県	三重県
三股町	宮崎県	三重県
三好市	徳島県	三重県
三次市	広島県	三重県
三種町	秋田県	三重県
三春町	福島県	三重県
三条市	新潟県	三重県
三川町	山形県	三重県
三鷹市	東京都	三重県
三宅村	東京都	三重県
三宅町	奈良県	三重県
三沢市	青森県	三重県
三朝町	鳥取県	三重県
三田市	兵庫県	三重県
三島市	静岡県	三重県
三島村	鹿児島県	三重県
三島町	福島県	三重県
三芳町	埼玉県	三重県
三豊市	香川県	三重県
三木市	兵庫県	三重県
三木町	香川県	三重県
山ノ内町	長野県	山口県
山形市	山形県	山口県
山形村	長野県	山形県
山県市	岐阜県	山口県
山元町	宮城県	山口県
山口市	山口県	山梨県
山江村	熊本県	山口県
山鹿市	熊本県	山口県
山中湖村	山梨県	山口県
山添村	奈良県	山口県
山田町	岩手県	山口県
山都町	熊本県	山口県
山武市	千葉県	山口県
山辺町	山形県	山口県
山北町	神奈川県	山口県
山陽小野田市	山口県	山梨県
山梨市	山梨県	山口県
産山村	熊本県	山形県
四街道市	千葉県	埼玉県
四国中央市	愛媛県	埼玉県
四日市市	三重県	埼玉県
四万十市	高知県	埼玉県
四万十町	高知県	埼玉県
四條畷市	大阪府	埼玉県
士別市	北海道	埼玉県
士幌町	北海道	埼玉県
市貝町	栃木県	東京都
市原市	千葉県	東京都
市川三郷町	山梨県	東京都
市川市	千葉県	東京都
市川町	兵庫県	東京都
志賀町	石川県	滋賀県
志布志市	鹿児島県	滋賀県
志摩市	三重県	埼玉県
志免町	福岡県	埼玉県
志木市	埼玉県	滋賀県
指宿市	鹿児島県	埼玉県
枝幸町	北海道	埼玉県
糸魚川市	新潟県	埼玉県
糸田町	福岡県	埼玉県
糸島市	福岡県	広島県
糸満市	沖縄県	埼玉県
紫波町	岩手県	埼玉県
時津町	長崎県	埼玉県
鹿屋市	鹿児島県	埼玉県
鹿角市	秋田県	埼玉県
鹿児島市	鹿児島県	熊本県
鹿沼市	栃木県	埼玉県
鹿追町	北海道	埼玉県
鹿島市	佐賀県	埼玉県
鹿嶋市	茨城県	埼玉県
鹿部町	北海道	埼玉県
宍粟市	兵庫県	埼玉県
雫石町	岩手県	埼玉県
七ヶ宿町	宮城県	京都府
七ヶ浜町	宮城県	埼玉県
七戸町	青森県	埼玉県
七宗町	岐阜県	埼玉県
七飯町	北海道	埼玉県
七尾市	石川県	埼玉県
室戸市	高知県	埼玉県
室蘭市	北海道	東京都
篠栗町	福岡県	埼玉県
柴田町	宮城県	埼玉県
芝山町	千葉県	埼玉県
射水市	富山県	埼玉県
斜里町	北海道	埼玉県
紗那村	北海道	佐賀県
若狭町	福井県	京都府
若桜町	鳥取県	京都府
取手市	茨城県	埼玉県
守口市	大阪府	埼玉県
守山市	滋賀県	埼玉県
守谷市	茨城県	埼玉県
珠洲市	石川県	埼玉県
酒々井町	千葉県	埼玉県
酒田市	山形県	埼玉県
寿都町	北海道	京都府
周南市	山口県	埼玉県
周防大島町	山口県	島根県
宗像市	福岡県	埼玉県
洲本市	兵庫県	埼玉県
秋田市	秋田県	埼玉県
習志野市	千葉県	埼玉県
舟橋村	富山県	埼玉県
舟形町	山形県	埼玉県
住田町	岩手県	埼玉県
十津川村	奈良県	埼玉県
十島村	鹿児島県	島根県
十日町市	新潟県	京都府
十和田市	青森県	埼玉県
渋川市	群馬県	埼玉県
渋谷区	東京都	埼玉県
宿毛市	高知県	埼玉県
出雲崎町	新潟県	埼玉県
出雲市	島根県	埼玉県
出水市	鹿児島県	埼玉県
春日井市	愛知県	埼玉県
春日市	福岡県	埼玉県
春日部市	埼玉県	東京都
初山別村	北海道	山口県
所沢市	埼玉県	東京都
諸塚村	宮崎県	埼玉県
女川町	宮城県	埼玉県
勝浦市	千葉県	埼玉県
勝浦町	徳島県	埼玉県
勝央町	岡山県	埼玉県
勝山市	福井県	埼玉県
小海町	長野県	埼玉県
小笠原村	東京都	埼玉県
小金井市	東京都	埼玉県
小郡市	福岡県	埼玉県
小国町	山形県	埼玉県
小国町	熊本県	東京都
小坂町	秋田県	埼玉県
小山市	栃木県	埼玉県
小山町	静岡県	埼玉県
小鹿野町	埼玉県	北海道
小諸市	長野県	埼玉県
小松市	石川県	埼玉県
小松島市	徳島県	埼玉県
小城市	佐賀県	埼玉県
小菅村	山梨県	埼玉県
小清水町	北海道	埼玉県
小千谷市	新潟県	千葉県
小川村	長野県	埼玉県
小川町	埼玉県	石川県
小谷村	長野県	埼玉県
小樽市	北海道	埼玉県
小値賀町	長崎県	埼玉県
小竹町	福岡県	埼玉県
小田原市	神奈川県	埼玉県
小豆島町	香川県	埼玉県
小美玉市	茨城県	埼玉県
小浜市	福井県	埼玉県
小布施町	長野県	埼玉県
小平市	東京都	埼玉県
小平町	北海道	埼玉県
小牧市	愛知県	埼玉県
小野市	兵庫県	埼玉県
小野町	福島県	埼玉県
小矢部市	富山県	埼玉県
小林市	宮崎県	埼玉県
庄原市	広島県	埼玉県
庄内町	山形県	埼玉県
昭島市	東京都	島根県
昭和村	福島県	埼玉県
昭和村	群馬県	広島県
昭和町	山梨県	埼玉県
松浦市	長崎県	埼玉県
松原市	大阪府	埼玉県
松戸市	千葉県	埼玉県
松江市	島根県	埼玉県
松阪市	三重県	埼玉県
松崎町	静岡県	埼玉県
松山市	愛媛県	埼玉県
松川村	長野県	埼玉県
松川町	長野県	石川県
松前町	北海道	埼玉県
松前町	愛媛県	石川県
松田町	神奈川県	埼玉県
松島町	宮城県	埼玉県
松伏町	埼玉県	東京都
松本市	長野県	埼玉県
松茂町	徳島県	埼玉県
松野町	愛媛県	埼玉県
沼津市	静岡県	埼玉県
沼田市	群馬県	埼玉県
沼田町	北海道	埼玉県
焼津市	静岡県	埼玉県
上ノ国町	北海道	埼玉県
上越市	新潟県	埼玉県
上関町	山口県	埼玉県
上郡町	兵庫県	東京都
上砂川町	北海道	埼玉県
上三川町	栃木県	三重県
上山市	山形県	埼玉県
上士幌町	北海道	埼玉県
上市町	富山県	東京都
上勝町	徳島県	東京都
上小阿仁村	秋田県	埼玉県
上松町	長野県	埼玉県
上川町	北海道	埼玉県
上天草市	熊本県	東京都
上田市	長野県	東京都
上島町	愛媛県	島根県
上板町	徳島県	東京都
上尾市	埼玉県	東京都
上富田町	和歌山県	富山県
上富良野町	北海道	富山県
上峰町	佐賀県	東京都
上北山村	奈良県	山形県
上牧町	奈良県	埼玉県
上毛町	福岡県	埼玉県
上野原市	山梨県	東京都
上野村	群馬県	東京都
上里町	埼玉県	東京都
城陽市	京都府	東京都
城里町	茨城県	東京都
常滑市	愛知県	埼玉県
常総市	茨城県	埼玉県
常陸太田市	茨城県	埼玉県
常陸大宮市	茨城県	埼玉県
色丹村	北海道	埼玉県
色麻町	宮城県	埼玉県
信濃町	長野県	埼玉県
寝屋川市	大阪府	埼玉県
新ひだか町	北海道	新潟県
新温泉町	兵庫県	新潟県
新潟市	新潟県	埼玉県
新潟市江南区	新潟県	東京都
新潟市秋葉区	新潟県	秋田県
新潟市西蒲区	新潟県	東京都
新潟市西区	新潟県	東京都
新潟市中央区	新潟県	東京都
新潟市東区	新潟県	東京都
新潟市南区	新潟県	東京都
新潟市北区	新潟県	東京都
新冠町	北海道	新潟県
新宮市	和歌山県	新潟県
新宮町	福岡県	新潟県
新居浜市	愛媛県	新潟県
新郷村	青森県	新潟県
新見市	岡山県	新潟県
新座市	埼玉県	新潟県
新篠津村	北海道	新潟県
新十津川町	北海道	新潟県
新宿区	東京都	新潟県
新庄市	山形県	新潟県
新庄村	岡山県	新潟県
新上五島町	長崎県	新潟県
新城市	愛知県	新潟県
新地町	福島県	新潟県
新島村	東京都	新潟県
新得町	北海道	新潟県
新発田市	新潟県	埼玉県
新富町	宮崎県	新潟県
森町	北海道	埼玉県
森町	静岡県	東京都
榛東村	群馬県	埼玉県
深浦町	青森県	埼玉県
深川市	北海道	東京都
深谷市	埼玉県	東京都
真岡市	栃木県	沖縄県
真室川町	山形県	埼玉県
真狩村	北海道	埼玉県
真鶴町	神奈川県	京都府
真庭市	岡山県	埼玉県
神河町	兵庫県	神奈川県
神恵内村	北海道	神奈川県
神戸市	兵庫県	神奈川県
神戸市須磨区	兵庫県	神奈川県
神戸市垂水区	兵庫県	神奈川県
神戸市西区	兵庫県	神奈川県
神戸市中央区	兵庫県	神奈川県
神戸市長田区	兵庫県	神奈川県
神戸市東灘区	兵庫県	神奈川県
神戸市灘区	兵庫県	神奈川県
神戸市兵庫区	兵庫県	神奈川県
神戸市北区	兵庫県	神奈川県
神戸町	岐阜県	神奈川県
神崎町	千葉県	神奈川県
神埼市	佐賀県	神奈川県
神山町	徳島県	神奈川県
神栖市	茨城県	神奈川県
神石高原町	広島県	神奈川県
神川町	埼玉県	神奈川県
神津島村	東京都	神奈川県
神流町	群馬県	神奈川県
秦野市	神奈川県	埼玉県
身延町	山梨県	埼玉県
人吉市	熊本県	埼玉県
仁木町	北海道	埼玉県
仁淀川町	高知県	埼玉県
壬生町	栃木県	埼玉県
諏訪市	長野県	埼玉県
須賀川市	福島県	埼玉県
須恵町	福岡県	埼玉県
須坂市	長野県	埼玉県
須崎市	高知県	埼玉県
逗子市	神奈川県	埼玉県
吹田市	大阪府	埼玉県
垂井町	岐阜県	埼玉県
垂水市	鹿児島県	埼玉県
水巻町	福岡県	埼玉県
水戸市	茨城県	埼玉県
水上村	熊本県	埼玉県
水俣市	熊本県	埼玉県
瑞穂市	岐阜県	埼玉県
瑞穂町	東京都	埼玉県
瑞浪市	岐阜県	埼玉県
杉戸町	埼玉県	東京都
杉並区	東京都	埼玉県
裾野市	静岡県	埼玉県
世田谷区	東京都	埼玉県
世羅町	広島県	埼玉県
瀬戸市	愛知県	埼玉県
瀬戸内市	岡山県	東京都
瀬戸内町	鹿児島県	埼玉県
成田市	千葉県	埼玉県
清須市	愛知県	東京都
清水町	北海道	埼玉県
清水町	静岡県	東京都
清瀬市	東京都	埼玉県
清川村	神奈川県	埼玉県
清里町	北海道	東京都
生駒市	奈良県	埼玉県
生坂村	長野県	埼玉県
盛岡市	岩手県	広島県
精華町	京都府	埼玉県
聖籠町	新潟県	埼玉県
西ノ島町	島根県	広島県
西粟倉村	岡山県	埼玉県
西伊豆町	静岡県	北海道
西会津町	福島県	埼玉県
西海市	長崎県	埼玉県
西宮市	兵庫県	埼玉県
西興部村	北海道	埼玉県
西郷村	福島県	埼玉県
西桂町	山梨県	埼玉県
西原村	熊本県	埼玉県
西原町	沖縄県	埼玉県
西条市	愛媛県	広島県
西川町	山形県	埼玉県
西都市	宮崎県	埼玉県
西東京市	東京都	大阪府
西之表市	鹿児島県	埼玉県
西尾市	愛知県	埼玉県
西米良村	宮崎県	埼玉県
西目屋村	青森県	埼玉県
西予市	愛媛県	埼玉県
西和賀町	岩手県	埼玉県
西脇市	兵庫県	埼玉県
青ヶ島村	東京都	青森県
青森市	青森県	埼玉県
青梅市	東京都	青森県
青木村	長野県	青森県
静岡市	静岡県	埼玉県
静岡市葵区	静岡県	東京都
静岡市駿河区	静岡県	東京都
静岡市清水区	静岡県	東京都
石井町	徳島県	石川県
石岡市	茨城県	石川県
石垣市	沖縄県	石川県
石巻市	宮城県	石川県
石狩市	北海道	石川県
石川町	福島県	石川県
積丹町	北海道	埼玉県
赤井川村	北海道	埼玉県
赤村	福岡県	埼玉県
赤磐市	岡山県	埼玉県
赤平市	北海道	埼玉県
赤穂市	兵庫県	埼玉県
摂津市	大阪府	埼玉県
設楽町	愛知県	埼玉県
仙台市	宮城県	埼玉県
仙台市宮城野区	宮城県	栃木県
仙台市若林区	宮城県	埼玉県
仙台市青葉区	宮城県	埼玉県
仙台市泉区	宮城県	埼玉県
仙台市太白区	宮城県	埼玉県
仙北市	秋田県	埼玉県
千曲市	長野県	千葉県
千歳市	北海道	千葉県
千早赤阪村	大阪府	千葉県
千代田区	東京都	千葉県
千代田町	群馬県	千葉県
千葉市	千葉県	東京都
千葉市稲毛区	千葉県	東京都
千葉市花見川区	千葉県	東京都
千葉市若葉区	千葉県	東京都
千葉市中央区	千葉県	東京都
千葉市美浜区	千葉県	東京都
千葉市緑区	千葉県	東京都
占冠村	北海道	埼玉県
川越市	埼玉県	東京都
川越町	三重県	埼玉県
川口市	埼玉県	東京都
川根本町	静岡県	石川県
川崎市	神奈川県	埼玉県
川崎市宮前区	神奈川県	東京都
川崎市幸区	神奈川県	東京都
川崎市高津区	神奈川県	東京都
川崎市川崎区	神奈川県	東京都
川崎市多摩区	神奈川県	東京都
川崎市中原区	神奈川県	東京都
川崎市麻生区	神奈川県	東京都
川崎町	宮城県	埼玉県
川崎町	福岡県	東京都
川上村	長野県	埼玉県
川上村	奈良県	石川県
川場村	群馬県	埼玉県
川西市	兵庫県	埼玉県
川西町	山形県	埼玉県
川西町	奈良県	石川県
川棚町	長崎県	石川県
川島町	埼玉県	島根県
川内村	福島県	埼玉県
川南町	宮崎県	埼玉県
川辺町	岐阜県	石川県
川北町	石川県	北海道
川本町	島根県	埼玉県
川俣町	福島県	石川県
泉佐野市	大阪府	埼玉県
泉崎村	福島県	埼玉県
泉大津市	大阪府	埼玉県
泉南市	大阪府	埼玉県
浅口市	岡山県	埼玉県
浅川町	福島県	埼玉県
船橋市	千葉県	埼玉県
前橋市	群馬県	東京都
善通寺市	香川県	埼玉県
曽於市	鹿児島県	埼玉県
曽爾村	奈良県	埼玉県
双葉町	福島県	埼玉県
倉吉市	鳥取県	埼玉県
倉敷市	岡山県	埼玉県
壮瞥町	北海道	埼玉県
匝瑳市	千葉県	埼玉県
早川町	山梨県	埼玉県
早島町	岡山県	島根県
相生市	兵庫県	埼玉県
相馬市	福島県	埼玉県
相模原市	神奈川県	埼玉県
相模原市中央区	神奈川県	東京都
相模原市南区	神奈川県	東京都
相模原市緑区	神奈川県	東京都
相良村	熊本県	埼玉県
総社市	岡山県	埼玉県
草加市	埼玉県	東京都
草津市	滋賀県	埼玉県
草津町	群馬県	埼玉県
増毛町	北海道	埼玉県
蔵王町	宮城県	埼玉県
足寄町	北海道	埼玉県
足利市	栃木県	埼玉県
足立区	東京都	埼玉県
袖ケ浦市	千葉県	埼玉県
村山市	山形県	埼玉県
村上市	新潟県	埼玉県
村田町	宮城県	埼玉県
多可町	兵庫県	埼玉県
多賀城市	宮城県	東京都
多賀町	滋賀県	北海道
多気町	三重県	埼玉県
多久市	佐賀県	埼玉県
多古町	千葉県	埼玉県
多治見市	岐阜県	埼玉県
多度津町	香川県	埼玉県
多摩市	東京都	埼玉県
多良間村	沖縄県	埼玉県
多良木町	熊本県	埼玉県
太宰府市	福岡県	埼玉県
太子町	大阪府	宮城県
太子町	兵庫県	埼玉県
太地町	和歌山県	埼玉県
太田市	群馬県	埼玉県
太良町	佐賀県	埼玉県
対馬市	長崎県	埼玉県
帯広市	北海道	埼玉県
泰阜村	長野県	埼玉県
胎内市	新潟県	埼玉県
袋井市	静岡県	埼玉県
台東区	東京都	埼玉県
大井町	神奈川県	大分県
大磯町	神奈川県	大分県
大河原町	宮城県	大分県
大垣市	岐阜県	大分県
大潟村	秋田県	大分県
大間町	青森県	大分県
大館市	秋田県	大分県
大紀町	三重県	大分県
大宜味村	沖縄県	大分県
大郷町	宮城県	大分県
大玉村	福島県	大分県
大空町	北海道	大分県
大熊町	福島県	大分県
大桑村	長野県	大分県
大月市	山梨県	大分県
大月町	高知県	大分県
大口町	愛知県	大分県
大江町	山形県	大分県
大衡村	宮城県	大分県
大阪狭山市	大阪府	埼玉県
大阪市	大阪府	東京都
大阪市阿倍野区	大阪府	東京都
大阪市旭区	大阪府	東京都
大阪市港区	大阪府	東京都
大阪市此花区	大阪府	東京都
大阪市住吉区	大阪府	東京都
大阪市住之江区	大阪府	東京都
大阪市城東区	大阪府	東京都
大阪市生野区	大阪府	東京都
大阪市西区	大阪府	東京都
大阪市西成区	大阪府	東京都
大阪市西淀川区	大阪府	東京都
大阪市大正区	大阪府	東京都
大阪市中央区	大阪府	東京都
大阪市鶴見区	大阪府	東京都
大阪市天王寺区	大阪府	東京都
大阪市都島区	大阪府	東京都
大阪市東住吉区	大阪府	東京都
大阪市東成区	大阪府	東京都
大阪市東淀川区	大阪府	東京都
大阪市福島区	大阪府	東京都
大阪市平野区	大阪府	東京都
大阪市北区	大阪府	東京都
大阪市淀川区	大阪府	東京都
大阪市浪速区	大阪府	東京都
大崎市	宮城県	大分県
大崎上島町	広島県	大分県
大崎町	鹿児島県	大分県
大山崎町	京都府	大分県
大山町	鳥取県	大分県
大子町	茨城県	大分県
大治町	愛知県	大分県
大鹿村	長野県	大分県
大樹町	北海道	大分県
大洲市	愛媛県	大分県
大石田町	山形県	大分県
大仙市	秋田県	大分県
大川市	福岡県	大分県
大川村	高知県	大分県
大泉町	群馬県	大分県
大洗町	茨城県	大分県
大船渡市	岩手県	大分県
大蔵村	山形県	大分県
大村市	長崎県	大分県
大多喜町	千葉県	大分県
大台町	三重県	大分県
大竹市	広島県	大分県
大町市	長野県	大分県
大町町	佐賀県	大分県
大津市	滋賀県	大分県
大津町	熊本県	大分県
大槌町	岩手県	大分県
大田区	東京都	大分県
大田原市	栃木県	大分県
大田市	島根県	大分県
大刀洗町	福岡県	大分県
大島町	東京都	大分県
大東市	大阪府	大分県
大任町	福岡県	大分県
大府市	愛知県	大分県
大分市	大分県	東京都
大豊町	高知県	大分県
大牟田市	福岡県	大分県
大網白里市	千葉県	大分県
大木町	福岡県	大分県
大野市	福井県	大分県
大野城市	福岡県	大分県
大野町	岐阜県	大分県
大淀町	奈良県	大分県
大和郡山市	奈良県	大分県
大和高田市	奈良県	大分県
大和市	神奈川県	大分県
大和村	鹿児島県	大分県
大和町	宮城県	大分県
大鰐町	青森県	大分県
鷹栖町	北海道	埼玉県
滝上町	北海道	埼玉県
滝川市	北海道	埼玉県
滝沢市	岩手県	埼玉県
只見町	福島県	京都府
辰野町	長野県	埼玉県
棚倉町	福島県	埼玉県
丹波山村	山梨県	埼玉県
丹波市	兵庫県	埼玉県
丹波篠山市	兵庫県	埼玉県
淡路市	兵庫県	埼玉県
男鹿市	秋田県	埼玉県
知多市	愛知県	埼玉県
知内町	北海道	埼玉県
知夫村	島根県	埼玉県
知名町	鹿児島県	埼玉県
知立市	愛知県	埼玉県
智頭町	鳥取県	埼玉県
池田市	大阪府	埼玉県
池田町	北海道	埼玉県
池田町	福井県	東京都
池田町	長野県	京都府
池田町	岐阜県	石川県
稚内市	北海道	埼玉県
置戸町	北海道	埼玉県
築上町	福岡県	埼玉県
竹原市	広島県	埼玉県
竹田市	大分県	埼玉県
竹富町	沖縄県	埼玉県
筑後市	福岡県	埼玉県
筑紫野市	福岡県	埼玉県
筑西市	茨城県	埼玉県
筑前町	福岡県	埼玉県
筑北村	長野県	埼玉県
秩父市	埼玉県	東京都
秩父別町	北海道	埼玉県
中井町	神奈川県	埼玉県
中央区	東京都	埼玉県
中央市	山梨県	東京都
中間市	福岡県	埼玉県
中札内村	北海道	埼玉県
中山町	山形県	山梨県
中種子町	鹿児島県	埼玉県
中城村	沖縄県	埼玉県
中川村	長野県	埼玉県
中川町	北海道	埼玉県
中津市	大分県	埼玉県
中津川市	岐阜県	埼玉県
中土佐町	高知県	埼玉県
中島村	福島県	島根県
中頓別町	北海道	埼玉県
中之条町	群馬県	埼玉県
中能登町	石川県	埼玉県
中泊町	青森県	埼玉県
中標津町	北海道	埼玉県
中富良野町	北海道	富山県
中野区	東京都	埼玉県
中野市	長野県	埼玉県
忠岡町	大阪府	埼玉県
猪苗代町	福島県	埼玉県
猪名川町	兵庫県	埼玉県
朝霞市	埼玉県	東京都
朝倉市	福岡県	埼玉県
朝日村	長野県	埼玉県
朝日町	山形県	埼玉県
朝日町	富山県	京都府
朝日町	三重県	北海道
朝来市	兵庫県	埼玉県
潮来市	茨城県	埼玉県
町田市	東京都	京都府
調布市	東京都	埼玉県
銚子市	千葉県	埼玉県
長井市	山形県	長野県
長岡京市	京都府	長野県
長岡市	新潟県	長野県
長久手市	愛知県	長野県
長崎市	長崎県	長野県
長洲町	熊本県	長崎県
長沼町	北海道	長野県
長生村	千葉県	長野県
長泉町	静岡県	長野県
長島町	鹿児島県	長崎県
長瀞町	埼玉県	長野県
長南町	千葉県	長崎県
長浜市	滋賀県	長崎県
長柄町	千葉県	長崎県
長万部町	北海道	長野県
長門市	山口県	長野県
長野原町	群馬県	長野県
長野市	長野県	長崎県
長与町	長崎県	長野県
長和町	長野県	長崎県
鳥羽市	三重県	鳥取県
鳥取市	鳥取県	埼玉県
鳥栖市	佐賀県	鳥取県
直島町	香川県	島根県
直方市	福岡県	埼玉県
津久見市	大分県	熊本県
津山市	岡山県	埼玉県
津市	三重県	東京都
津島市	愛知県	島根県
津奈木町	熊本県	埼玉県
津南町	新潟県	埼玉県
津幡町	石川県	埼玉県
津別町	北海道	埼玉県
津野町	高知県	埼玉県
津和野町	島根県	埼玉県
椎葉村	宮崎県	埼玉県
嬬恋村	群馬県	北海道
鶴ヶ島市	埼玉県	鳥取県
鶴岡市	山形県	北海道
鶴居村	北海道	埼玉県
鶴田町	青森県	埼玉県
弟子屈町	北海道	埼玉県
笛吹市	山梨県	埼玉県
天栄村	福島県	埼玉県
天塩町	北海道	埼玉県
天城町	鹿児島県	埼玉県
天川村	奈良県	埼玉県
天草市	熊本県	埼玉県
天童市	山形県	東京都
天理市	奈良県	東京都
天龍村	長野県	埼玉県
添田町	福岡県	埼玉県
田原市	愛知県	埼玉県
田原本町	奈良県	埼玉県
田子町	青森県	埼玉県
田舎館村	青森県	埼玉県
田上町	新潟県	埼玉県
田尻町	大阪府	埼玉県
田川市	福岡県	埼玉県
田村市	福島県	埼玉県
田布施町	山口県	埼玉県
田辺市	和歌山県	埼玉県
田野町	高知県	埼玉県
田野畑村	岩手県	埼玉県
渡嘉敷村	沖縄県	埼玉県
渡名喜村	沖縄県	埼玉県
登米市	宮城県	埼玉県
登別市	北海道	埼玉県
都城市	宮崎県	東京都
都農町	宮崎県	東京都
都留市	山梨県	東京都
砥部町	愛媛県	埼玉県
砺波市	富山県	埼玉県
度会町	三重県	埼玉県
土浦市	茨城県	埼玉県
土岐市	岐阜県	埼玉県
土佐市	高知県	埼玉県
土佐清水市	高知県	埼玉県
土佐町	高知県	埼玉県
土庄町	香川県	埼玉県
唐津市	佐賀県	埼玉県
島原市	長崎県	島根県
島田市	静岡県	島根県
島牧村	北海道	島根県
島本町	大阪府	島根県
東かがわ市	香川県	東京都
東みよし町	徳島県	北海道
東伊豆町	静岡県	北海道
東員町	三重県	東京都
東浦町	愛知県	東京都
東栄町	愛知県	東京都
東温市	愛媛県	東京都
東海市	愛知県	北海道
東海村	茨城県	北海道
東吉野村	奈良県	北海道
東久留米市	東京都	埼玉県
東郷町	愛知県	北海道
東近江市	滋賀県	東京都
東金市	千葉県	東京都
東串良町	鹿児島県	北海道
東吾妻町	群馬県	北海道
東御市	長野県	宮城県
東広島市	広島県	北海道
東根市	山形県	東京都
東庄町	千葉県	北海道
東松山市	埼玉県	北海道
東松島市	宮城県	北海道
東神楽町	北海道	京都府
東成瀬村	秋田県	埼玉県
東川町	北海道	東京都
東村	沖縄県	埼玉県
東村山市	東京都	埼玉県
東大阪市	大阪府	東京都
東大和市	東京都	埼玉県
東秩父村	埼玉県	北海道
東通村	青森県	埼玉県
東白川村	岐阜県	埼玉県
東彼杵町	長崎県	北海道
東峰村	福岡県	北海道
東北町	青森県	北海道
東洋町	高知県	東京都
梼原町	高知県	埼玉県
湯河原町	神奈川県	埼玉県
湯川村	福島県	埼玉県
湯浅町	和歌山県	埼玉県
湯前町	熊本県	埼玉県
湯沢市	秋田県	埼玉県
湯沢町	新潟県	埼玉県
湯梨浜町	鳥取県	埼玉県
当別町	北海道	埼玉県
当麻町	北海道	埼玉県
藤井寺市	大阪府	埼玉県
藤岡市	群馬県	埼玉県
藤崎町	青森県	埼玉県
藤枝市	静岡県	埼玉県
藤沢市	神奈川県	埼玉県
藤里町	秋田県	埼玉県
洞爺湖町	北海道	京都府
道志村	山梨県	埼玉県
徳島市	徳島県	広島県
徳之島町	鹿児島県	徳島県
読谷村	沖縄県	埼玉県
栃木市	栃木県	埼玉県
苫小牧市	北海道	埼玉県
苫前町	北海道	埼玉県
敦賀市	福井県	東京都
奈井江町	北海道	埼玉県
奈義町	岡山県	埼玉県
奈半利町	高知県	埼玉県
奈良市	奈良県	京都府
那珂市	茨城県	埼玉県
那珂川市	福岡県	埼玉県
那珂川町	栃木県	埼玉県
那賀町	徳島県	京都府
那須烏山市	栃木県	埼玉県
那須塩原市	栃木県	埼玉県
那須町	栃木県	埼玉県
那智勝浦町	和歌山県	埼玉県
那覇市	沖縄県	京都府
内子町	愛媛県	埼玉県
内灘町	石川県	埼玉県
楢葉町	福島県	埼玉県
南アルプス市	山梨県	埼玉県
南あわじ市	兵庫県	埼玉県
南さつま市	鹿児島県	埼玉県
南阿蘇村	熊本県	埼玉県
南伊勢町	三重県	埼玉県
南伊豆町	静岡県	沖縄県
南越前町	福井県	埼玉県
南会津町	福島県	埼玉県
南関町	熊本県	埼玉県
南魚沼市	新潟県	埼玉県
南九州市	鹿児島県	熊本県
南国市	高知県	埼玉県
南三陸町	宮城県	埼玉県
南山城村	京都府	埼玉県
南種子町	鹿児島県	埼玉県
南小国町	熊本県	埼玉県
南城市	沖縄県	埼玉県
南相馬市	福島県	埼玉県
南相木村	長野県	埼玉県
南足柄市	神奈川県	埼玉県
南大隅町	鹿児島県	埼玉県
南大東村	沖縄県	埼玉県
南丹市	京都府	埼玉県
南知多町	愛知県	埼玉県
南砺市	富山県	埼玉県
南島原市	長崎県	島根県
南富良野町	北海道	埼玉県
南部町	青森県	埼玉県
南部町	山梨県	北海道
南部町	鳥取県	東京都
南風原町	沖縄県	埼玉県
南房総市	千葉県	埼玉県
南牧村	群馬県	埼玉県
南牧村	長野県	北海道
南幌町	北海道	埼玉県
南箕輪村	長野県	埼玉県
南木曽町	長野県	埼玉県
南陽市	山形県	埼玉県
二宮町	神奈川県	宮城県
二戸市	岩手県	東京都
二本松市	福島県	埼玉県
尼崎市	兵庫県	東京都
廿日市市	広島県	埼玉県
日の出町	東京都	北海道
日吉津村	鳥取県	北海道
日光市	栃木県	京都府
日向市	宮崎県	東京都
日高市	埼玉県	高知県
日高川町	和歌山県	北海道
日高村	高知県	北海道
日高町	北海道	高知県
日高町	和歌山県	京都府
日出町	大分県	北海道
日進市	愛知県	東京都
日置市	鹿児島県	埼玉県
日田市	大分県	東京都
日南市	宮崎県	沖縄県
日南町	鳥取県	沖縄県
日之影町	宮崎県	京都府
日野市	東京都	京都府
日野町	滋賀県	北海道
日野町	鳥取県	京都府
日立市	茨城県	東京都
入間市	埼玉県	東京都
入善町	富山県	埼玉県
韮崎市	山梨県	埼玉県
忍野村	山梨県	埼玉県
熱海市	静岡県	北海道
能勢町	大阪府	埼玉県
能代市	秋田県	埼玉県
能登町	石川県	北海道
能美市	石川県	埼玉県
播磨町	兵庫県	埼玉県
波佐見町	長崎県	埼玉県
馬路村	高知県	埼玉県
売木村	長野県	埼玉県
萩市	山口県	埼玉県
伯耆町	鳥取県	埼玉県
柏原市	大阪府	埼玉県
柏崎市	新潟県	埼玉県
柏市	千葉県	埼玉県
泊村	北海道	埼玉県
泊村	北海道	東京都
白井市	千葉県	埼玉県
白岡市	埼玉県	東京都
白河市	福島県	埼玉県
白糠町	北海道	埼玉県
白山市	石川県	埼玉県
白子町	千葉県	埼玉県
白石市	宮城県	石川県
白石町	佐賀県	石川県
白川村	岐阜県	埼玉県
白川町	岐阜県	埼玉県
白鷹町	山形県	埼玉県
白馬村	長野県	埼玉県
白浜町	和歌山県	埼玉県
白老町	北海道	埼玉県
粕屋町	福岡県	埼玉県
函館市	北海道	京都府
函南町	静岡県	北海道
箱根町	神奈川県	埼玉県
八雲町	北海道	京都府
八王子市	東京都	埼玉県
八街市	千葉県	京都府
八戸市	青森県	東京都
八重瀬町	沖縄県	京都府
八女市	福岡県	埼玉県
八丈町	東京都	京都府
八千代市	千葉県	東京都
八千代町	茨城県	千葉県
八代市	熊本県	東京都
八潮市	埼玉県	東京都
八頭町	鳥取県	埼玉県
八幡市	京都府	広島県
八幡浜市	愛媛県	京都府
八幡平市	岩手県	京都府
八尾市	大阪府	埼玉県
八百津町	岐阜県	京都府
八峰町	秋田県	北海道
八郎潟町	秋田県	北海道
鳩山町	埼玉県	鳥取県
塙町	福島県	埼玉県
半田市	愛知県	埼玉県
斑鳩町	奈良県	埼玉県
板橋区	東京都	埼玉県
板倉町	群馬県	埼玉県
板野町	徳島県	埼玉県
板柳町	青森県	埼玉県
飯舘村	福島県	埼玉県
飯綱町	長野県	埼玉県
飯山市	長野県	埼玉県
飯塚市	福岡県	埼玉県
飯田市	長野県	埼玉県
飯島町	長野県	島根県
飯南町	島根県	埼玉県
飯能市	埼玉県	東京都
飯豊町	山形県	埼玉県
磐梯町	福島県	埼玉県
磐田市	静岡県	埼玉県
比布町	北海道	埼玉県
飛騨市	岐阜県	埼玉県
飛島村	愛知県	埼玉県
備前市	岡山県	埼玉県
尾花沢市	山形県	埼玉県
尾張旭市	愛知県	埼玉県
尾道市	広島県	埼玉県
尾鷲市	三重県	埼玉県
美唄市	北海道	埼玉県
美浦村	茨城県	埼玉県
美瑛町	北海道	京都府
美郷町	秋田県	埼玉県
美郷町	島根県	京都府
美郷町	宮崎県	北海道
美咲町	岡山県	埼玉県
美作市	岡山県	埼玉県
美深町	北海道	埼玉県
美祢市	山口県	埼玉県
美濃加茂市	岐阜県	京都府
美濃市	岐阜県	埼玉県
美波町	徳島県	埼玉県
美馬市	徳島県	埼玉県
美浜町	福井県	埼玉県
美浜町	愛知県	沖縄県
美浜町	和歌山県	北海道
美幌町	北海道	埼玉県
美里町	宮城県	京都府
美里町	埼玉県	東京都
美里町	熊本県	北海道
彦根市	滋賀県	埼玉県
姫島村	大分県	島根県
姫路市	兵庫県	埼玉県
標茶町	北海道	埼玉県
標津町	北海道	埼玉県
氷見市	富山県	埼玉県
氷川町	熊本県	埼玉県
品川区	東京都	埼玉県
浜松市	静岡県	埼玉県
浜松市中央区	静岡県	広島県
浜松市天竜区	静岡県	沖縄県
浜松市浜名区	静岡県	広島県
浜中町	北海道	埼玉県
浜田市	島根県	沖縄県
浜頓別町	北海道	埼玉県
富岡市	群馬県	富山県
富岡町	福島県	富山県
富加町	岐阜県	富山県
富山市	富山県	埼玉県
富士河口湖町	山梨県	北海道
富士吉田市	山梨県	京都府
富士宮市	静岡県	京都府
富士見市	埼玉県	山梨県
富士見町	長野県	北海道
富士市	静岡県	北海道
富士川町	山梨県	北海道
富谷市	宮城県	富山県
富津市	千葉県	富山県
富田林市	大阪府	富山県
富里市	千葉県	富山県
富良野市	北海道	富山県
府中市	東京都	埼玉県
府中市	広島県	京都府
府中町	広島県	東京都
扶桑町	愛知県	埼玉県
普代村	岩手県	埼玉県
武蔵村山市	東京都	埼玉県
武蔵野市	東京都	埼玉県
武豊町	愛知県	埼玉県
武雄市	佐賀県	埼玉県
舞鶴市	京都府	埼玉県
風間浦村	青森県	埼玉県
福井市	福井県	福岡県
福岡市	福岡県	福島県
福岡市城南区	福岡県	福島県
福岡市西区	福岡県	福島県
福岡市早良区	福岡県	福島県
福岡市中央区	福岡県	福島県
福岡市東区	福岡県	福島県
福岡市南区	福岡県	福島県
福岡市博多区	福岡県	福島県
福崎町	兵庫県	福岡県
福山市	広島県	福島県
福生市	東京都	福島県
福知山市	京都府	福島県
福智町	福岡県	福島県
福津市	福岡県	福島県
福島市	福島県	福岡県
福島町	北海道	福島県
文京区	東京都	京都府
平群町	奈良県	埼玉県
平戸市	長崎県	埼玉県
平取町	北海道	埼玉県
平生町	山口県	埼玉県
平川市	青森県	埼玉県
平泉町	岩手県	北海道
平谷村	長野県	埼玉県
平塚市	神奈川県	埼玉県
平田村	福島県	埼玉県
平内町	青森県	埼玉県
米原市	滋賀県	埼玉県
米子市	鳥取県	埼玉県
米沢市	山形県	埼玉県
碧南市	愛知県	埼玉県
別海町	北海道	埼玉県
別府市	大分県	東京都
片品村	群馬県	埼玉県
宝達志水町	石川県	埼玉県
宝塚市	兵庫県	埼玉県
芳賀町	栃木県	香川県
蓬田村	青森県	埼玉県
豊浦町	北海道	埼玉県
豊岡市	兵庫県	富山県
豊丘村	長野県	埼玉県
豊橋市	愛知県	埼玉県
豊郷町	滋賀県	富山県
豊見城市	沖縄県	埼玉県
豊後高田市	大分県	富山県
豊後大野市	大分県	埼玉県
豊頃町	北海道	埼玉県
豊根村	愛知県	埼玉県
豊山町	愛知県	富山県
豊川市	愛知県	埼玉県
豊前市	福岡県	埼玉県
豊中市	大阪府	埼玉県
豊田市	愛知県	埼玉県
豊島区	東京都	埼玉県
豊能町	大阪府	埼玉県
豊富町	北海道	埼玉県
豊明市	愛知県	埼玉県
鉾田市	茨城県	埼玉県
防府市	山口県	埼玉県
北茨城市	茨城県	埼玉県
北栄町	鳥取県	埼玉県
北塩原村	福島県	埼玉県
北九州市	福岡県	北海道
北九州市戸畑区	福岡県	東京都
北九州市若松区	福岡県	北海道
北九州市小倉南区	福岡県	埼玉県
北九州市小倉北区	福岡県	北海道
北九州市八幡西区	福岡県	北海道
北九州市八幡東区	福岡県	東京都
北九州市門司区	福岡県	東京都
北区	東京都	埼玉県
北見市	北海道	埼玉県
北広島市	北海道	埼玉県
北広島町	広島県	北海道
北山村	和歌山県	埼玉県
北秋田市	秋田県	北海道
北上市	岩手県	埼玉県
北川村	高知県	埼玉県
北相木村	長野県	埼玉県
北大東村	沖縄県	埼玉県
北谷町	沖縄県	北海道
北中城村	沖縄県	埼玉県
北斗市	北海道	埼玉県
北杜市	山梨県	埼玉県
北島町	徳島県	北海道
北方町	岐阜県	北海道
北本市	埼玉県	北海道
北名古屋市	愛知県	北海道
北竜町	北海道	埼玉県
墨田区	東京都	埼玉県
牧之原市	静岡県	埼玉県
睦沢町	千葉県	埼玉県
幌延町	北海道	埼玉県
幌加内町	北海道	埼玉県
本宮市	福島県	宮城県
本山町	高知県	北海道
本庄市	埼玉県	東京都
本巣市	岐阜県	埼玉県
本部町	沖縄県	埼玉県
本別町	北海道	埼玉県
麻績村	長野県	埼玉県
妹背牛町	北海道	埼玉県
枚方市	大阪府	埼玉県
幕別町	北海道	埼玉県
枕崎市	鹿児島県	埼玉県
箕面市	大阪府	京都府
箕輪町	長野県	埼玉県
岬町	大阪府	北海道
妙高市	新潟県	埼玉県
牟岐町	徳島県	埼玉県
霧島市	鹿児島県	埼玉県
名寄市	北海道	埼玉県
名古屋市	愛知県	大阪府
名古屋市港区	愛知県	大阪府
名古屋市守山区	愛知県	大阪府
名古屋市昭和区	愛知県	大阪府
名古屋市瑞穂区	愛知県	大阪府
名古屋市西区	愛知県	大阪府
名古屋市千種区	愛知県	千葉県
名古屋市中区	愛知県	大阪府
名古屋市中川区	愛知県	大阪府
名古屋市中村区	愛知県	大阪府
名古屋市天白区	愛知県	大阪府
名古屋市東区	愛知県	大阪府
名古屋市南区	愛知県	大阪府
名古屋市熱田区	愛知県	大阪府
名古屋市北区	愛知県	大阪府
名古屋市名東区	愛知県	大阪府
名古屋市緑区	愛知県	大阪府
名護市	沖縄県	埼玉県
名取市	宮城県	埼玉県
名張市	三重県	埼玉県
明石市	兵庫県	埼玉県
明日香村	奈良県	埼玉県
明和町	群馬県	埼玉県
明和町	三重県	宮城県
鳴沢村	山梨県	埼玉県
鳴門市	徳島県	埼玉県
茂原市	千葉県	埼玉県
茂木町	栃木県	埼玉県
毛呂山町	埼玉県	山梨県
網走市	北海道	埼玉県
木古内町	北海道	埼玉県
木更津市	千葉県	埼玉県
木城町	宮崎県	埼玉県
木曽町	長野県	埼玉県
木曽岬町	三重県	北海道
木祖村	長野県	埼玉県
木津川市	京都府	埼玉県
木島平村	長野県	埼玉県
目黒区	東京都	埼玉県
紋別市	北海道	埼玉県
門真市	大阪府	埼玉県
門川町	宮崎県	埼玉県
野洲市	滋賀県	埼玉県
野沢温泉村	長野県	山梨県
野田市	千葉県	埼玉県
野田村	岩手県	埼玉県
野迫川村	奈良県	埼玉県
野辺地町	青森県	埼玉県
野木町	栃木県	埼玉県
野々市市	石川県	埼玉県
弥彦村	新潟県	埼玉県
弥富市	愛知県	京都府
矢掛町	岡山県	埼玉県
矢巾町	岩手県	埼玉県
矢祭町	福島県	埼玉県
矢吹町	福島県	埼玉県
矢板市	栃木県	埼玉県
柳井市	山口県	埼玉県
柳川市	福岡県	埼玉県
柳津町	福島県	埼玉県
揖斐川町	岐阜県	埼玉県
有田市	和歌山県	埼玉県
有田川町	和歌山県	埼玉県
有田町	佐賀県	埼玉県
湧水町	鹿児島県	埼玉県
湧別町	北海道	埼玉県
涌谷町	宮城県	埼玉県
由仁町	北海道	埼玉県
由布市	大分県	埼玉県
由利本荘市	秋田県	埼玉県
由良町	和歌山県	埼玉県
遊佐町	山形県	京都府
邑楽町	群馬県	京都府
邑南町	島根県	沖縄県
雄武町	北海道	埼玉県
夕張市	北海道	埼玉県
余市町	北海道	埼玉県
与謝野町	京都府	和歌山県
与那原町	沖縄県	和歌山県
与那国町	沖縄県	和歌山県
与論町	鹿児島県	和歌山県
様似町	北海道	埼玉県
洋野町	岩手県	埼玉県
葉山町	神奈川県	埼玉県
養父市	兵庫県	埼玉県
養老町	岐阜県	埼玉県
羅臼町	北海道	奈良県
嵐山町	埼玉県	京都府
藍住町	徳島県	青森県
蘭越町	北海道	埼玉県
利根町	茨城県	埼玉県
利尻町	北海道	埼玉県
利尻富士町	北海道	滋賀県
利島村	東京都	島根県
利府町	宮城県	埼玉県
里庄町	岡山県	埼玉県
陸前高田市	岩手県	埼玉県
陸別町	北海道	埼玉県
立科町	長野県	埼玉県
立山町	富山県	山形県
立川市	東京都	埼玉県
流山市	千葉県	埼玉県
留寿都村	北海道	京都府
留別村	北海道	埼玉県
留萌市	北海道	埼玉県
留夜別村	北海道	埼玉県
竜王町	滋賀県	埼玉県
龍ケ崎市	茨城県	埼玉県
龍郷町	鹿児島県	埼玉県
輪島市	石川県	島根県
輪之内町	岐阜県	埼玉県
礼文町	北海道	京都府
苓北町	熊本県	北海道
鈴鹿市	三重県	埼玉県
練馬区	東京都	埼玉県
蓮田市	埼玉県	東京都
浪江町	福島県	埼玉県
六ヶ所村	青森県	埼玉県
六戸町	青森県	埼玉県
和歌山市	和歌山県	埼玉県
和寒町	北海道	和歌山県
和気町	岡山県	和歌山県
和光市	埼玉県	和歌山県
和水町	熊本県	和歌山県
和泉市	大阪府	和歌山県
和束町	京都府	和歌山県
和泊町	鹿児島県	和歌山県
和木町	山口県	和歌山県
亘理町	宮城県	埼玉県
蕨市	埼玉県	東京都
檜原村	東京都	埼玉県
檜枝岐村	福島県	埼玉県
蘂取村	北海道	埼玉県
諫早市	長崎県	埼玉県
鰺ヶ沢町	青森県	埼玉県
