あきる野市	東京都	秋田県
あさぎり町	熊本県	秋田県
あま市	愛知県	宮城県
あわら市	福井県	宮城県
いすみ市	千葉県	新潟県
いちき串木野市	鹿児島県	栃木県
いなべ市	三重県	新潟県
いの町	高知県	秋田県
いわき市	福島県	宮城県
うきは市	福岡県	宮城県
うるま市	沖縄県	宮城県
えびの市	宮崎県	宮城県
えりも町	北海道	秋田県
おいらせ町	青森県	秋田県
おおい町	福井県	秋田県
かすみがうら市	茨城県	宮城県
かつらぎ町	和歌山県	秋田県
かほく市	石川県	宮城県
さいたま市	埼玉県	東京都
さいたま市浦和区	埼玉県	東京都
さいたま市岩槻区	埼玉県	茨城県
さいたま市見沼区	埼玉県	香川県
さいたま市桜区	埼玉県	山梨県
さいたま市西区	埼玉県	宮城県
さいたま市大宮区	埼玉県	東京都
さいたま市中央区	埼玉県	東京都
さいたま市南区	埼玉県	宮城県
さいたま市北区	埼玉県	東京都
さいたま市緑区	埼玉県	秋田県
さくら市	栃木県	宮城県
さつま町	鹿児島県	秋田県
さぬき市	香川県	宮城県
すさみ町	和歌山県	秋田県
せたな町	北海道	秋田県
たつの市	兵庫県	宮城県
つがる市	青森県	宮城県
つくばみらい市	茨城県	香川県
つくば市	茨城県	宮城県
つるぎ町	徳島県	秋田県
ときがわ町	埼玉県	秋田県
にかほ市	秋田県	宮城県
ニセコ町	北海道	新潟県
ひたちなか市	茨城県	宮城県
ふじみ野市	埼玉県	福井県
まんのう町	香川県	秋田県
みどり市	群馬県	宮城県
みなかみ町	群馬県	秋田県
みなべ町	和歌山県	新潟県
みやき町	佐賀県	秋田県
みやこ町	福岡県	秋田県
みやま市	福岡県	新潟県
みよし市	愛知県	宮城県
むかわ町	北海道	秋田県
むつ市	青森県	宮城県
阿賀町	新潟県	秋田県
阿賀野市	新潟県	宮崎県
阿久根市	鹿児島県	京都府
阿久比町	愛知県	秋田県
阿見町	茨城県	秋田県
阿蘇市	熊本県	東京都
阿智村	長野県	宮崎県
阿南市	徳島県	宮城県
阿南町	長野県	秋田県
阿波市	徳島県	大阪府
阿武町	山口県	秋田県
愛西市	愛知県	宮城県
愛川町	神奈川県	秋田県
愛荘町	滋賀県	秋田県
愛南町	愛媛県	千葉県
愛別町	北海道	秋田県
姶良市	鹿児島県	福井県
旭市	千葉県	東京都
旭川市	北海道	京都府
芦屋市	兵庫県	京都府
芦屋町	福岡県	秋田県
芦別市	北海道	新潟県
芦北町	熊本県	秋田県
綾瀬市	神奈川県	新潟県
綾川町	香川県	宮崎県
綾町	宮崎県	秋田県
綾部市	京都府	宮崎県
粟国村	沖縄県	秋田県
粟島浦村	新潟県	福井県
安芸高田市	広島県	高知県
安芸市	高知県	京都府
安芸太田町	広島県	秋田県
安城市	愛知県	東京都
安中市	群馬県	宮城県
安田町	高知県	秋田県
安堵町	奈良県	秋田県
安曇野市	長野県	香川県
安八町	岐阜県	秋田県
安平町	北海道	秋田県
安来市	島根県	宮城県
鞍手町	福岡県	秋田県
伊賀市	三重県	滋賀県
伊江村	沖縄県	岡山県
伊根町	京都府	秋田県
伊佐市	鹿児島県	新潟県
伊是名村	沖縄県	秋田県
伊勢原市	神奈川県	宮城県
伊勢崎市	群馬県	宮崎県
伊勢市	三重県	宮城県
伊仙町	鹿児島県	秋田県
伊達市	北海道	宮城県
伊達市	福島県	千葉県
伊丹市	兵庫県	東京都
伊東市	静岡県	宮城県
伊豆の国市	静岡県	新潟県
伊豆市	静岡県	京都府
伊奈町	埼玉県	秋田県
伊那市	長野県	新潟県
伊平屋村	沖縄県	秋田県
伊方町	愛媛県	岐阜県
伊万里市	佐賀県	千葉県
伊予市	愛媛県	岐阜県
井原市	岡山県	京都府
井手町	京都府	秋田県
井川町	秋田県	千葉県
一関市	岩手県	東京都
一宮市	愛知県	東京都
一宮町	千葉県	秋田県
一戸町	岩手県	秋田県
壱岐市	長崎県	岐阜県
稲城市	東京都	宮城県
稲沢市	愛知県	宮崎県
稲美町	兵庫県	秋田県
稲敷市	茨城県	福井県
茨城町	茨城県	宮城県
茨木市	大阪府	茨城県
印西市	千葉県	宮城県
印南町	和歌山県	秋田県
隠岐の島町	島根県	宮崎県
宇検村	鹿児島県	秋田県
宇佐市	大分県	宮城県
宇治市	京都府	大阪府
宇治田原町	京都府	秋田県
宇城市	熊本県	東京都
宇多津町	香川県	秋田県
宇陀市	奈良県	京都府
宇都宮市	栃木県	東京都
宇土市	熊本県	京都府
宇美町	福岡県	秋田県
宇部市	山口県	京都府
宇和島市	愛媛県	広島県
羽曳野市	大阪府	埼玉県
羽後町	秋田県	福井県
羽咋市	石川県	大阪府
羽生市	埼玉県	東京都
羽村市	東京都	京都府
羽島市	岐阜県	宮崎県
羽幌町	北海道	秋田県
雨竜町	北海道	秋田県
臼杵市	大分県	大阪府
浦安市	千葉県	大阪府
浦臼町	北海道	秋田県
浦河町	北海道	秋田県
浦添市	沖縄県	大阪府
浦幌町	北海道	福井県
雲仙市	長崎県	山梨県
雲南市	島根県	宮城県
栄村	長野県	秋田県
栄町	千葉県	秋田県
永平寺町	福井県	岐阜県
益子町	栃木県	秋田県
益城町	熊本県	秋田県
益田市	島根県	福井県
越生町	埼玉県	秋田県
越前市	福井県	京都府
越前町	福井県	秋田県
越谷市	埼玉県	京都府
越知町	高知県	秋田県
奄美市	鹿児島県	新潟県
延岡市	宮崎県	宮城県
燕市	新潟県	東京都
猿払村	北海道	鳥取県
遠賀町	福岡県	秋田県
遠軽町	北海道	秋田県
遠別町	北海道	秋田県
遠野市	岩手県	長野県
塩尻市	長野県	新潟県
塩谷町	栃木県	秋田県
塩竈市	宮城県	福井県
奥州市	岩手県	大阪府
奥出雲町	島根県	福井県
奥尻町	北海道	福井県
奥多摩町	東京都	宮城県
横芝光町	千葉県	秋田県
横手市	秋田県	東京都
横須賀市	神奈川県	東京都
横瀬町	埼玉県	宮崎県
横浜市	神奈川県	東京都
横浜市旭区	神奈川県	東京都
横浜市磯子区	神奈川県	東京都
横浜市栄区	神奈川県	東京都
横浜市金沢区	神奈川県	東京都
横浜市戸塚区	神奈川県	東京都
横浜市港南区	神奈川県	東京都
横浜市港北区	神奈川県	東京都
横浜市神奈川区	神奈川県	東京都
横浜市瀬谷区	神奈川県	東京都
横浜市西区	神奈川県	東京都
横浜市青葉区	神奈川県	東京都
横浜市泉区	神奈川県	東京都
横浜市中区	神奈川県	東京都
横浜市鶴見区	神奈川県	東京都
横浜市都筑区	神奈川県	京都府
横浜市南区	神奈川県	東京都
横浜市保土ケ谷区	神奈川県	東京都
横浜市緑区	神奈川県	東京都
横浜町	青森県	東京都
王寺町	奈良県	秋田県
王滝村	長野県	岡山県
岡垣町	福岡県	岡山県
岡崎市	愛知県	宮崎県
岡山市	岡山県	宮城県
岡山市中区	岡山県	宮城県
岡山市東区	岡山県	宮城県
岡山市南区	岡山県	宮城県
岡山市北区	岡山県	宮城県
岡谷市	長野県	岡山県
沖縄市	沖縄県	広島県
屋久島町	鹿児島県	秋田県
桶川市	埼玉県	神奈川県
乙部町	北海道	秋田県
恩納村	沖縄県	鳥取県
音威子府村	北海道	福井県
音更町	北海道	秋田県
下関市	山口県	宮城県
下郷町	福島県	秋田県
下妻市	茨城県	京都府
下市町	奈良県	千葉県
下松市	山口県	新潟県
下仁田町	群馬県	秋田県
下諏訪町	長野県	秋田県
下川町	北海道	香川県
下田市	静岡県	秋田県
下北山村	奈良県	山口県
下野市	栃木県	長野県
下呂市	岐阜県	宮城県
下條村	長野県	秋田県
加賀市	石川県	滋賀県
加古川市	兵庫県	香川県
加須市	埼玉県	東京都
加西市	兵庫県	宮城県
加東市	兵庫県	宮城県
加美町	宮城県	秋田県
加茂市	新潟県	宮城県
可児市	岐阜県	宮城県
嘉手納町	沖縄県	秋田県
嘉島町	熊本県	宮崎県
嘉麻市	福岡県	東京都
歌志内市	北海道	京都府
河合町	奈良県	千葉県
河津町	静岡県	秋田県
河内町	茨城県	秋田県
河内長野市	大阪府	長野県
河南町	大阪府	山梨県
河北町	山形県	秋田県
花巻市	岩手県	東京都
我孫子市	千葉県	東京都
芽室町	北海道	秋田県
会津坂下町	福島県	秋田県
会津若松市	福島県	新潟県
会津美里町	福島県	秋田県
海士町	島根県	宮城県
海津市	岐阜県	新潟県
海田町	広島県	秋田県
海南市	和歌山県	鹿児島県
海陽町	徳島県	千葉県
海老名市	神奈川県	新潟県
皆野町	埼玉県	秋田県
蟹江町	愛知県	秋田県
開成町	神奈川県	宮城県
階上町	青森県	秋田県
貝塚市	大阪府	宮城県
外ヶ浜町	青森県	秋田県
各務原市	岐阜県	宮城県
角田市	宮城県	秋田県
掛川市	静岡県	宮城県
笠岡市	岡山県	宮城県
笠間市	茨城県	千葉県
笠松町	岐阜県	秋田県
笠置町	京都府	宮崎県
橿原市	奈良県	宮城県
潟上市	秋田県	新潟県
滑川市	富山県	山梨県
滑川町	埼玉県	香川県
葛巻町	岩手県	宮崎県
葛城市	奈良県	東京都
葛飾区	東京都	宮崎県
葛尾村	福島県	宮崎県
蒲郡市	愛知県	京都府
釜石市	岩手県	岐阜県
鎌ケ谷市	千葉県	香川県
鎌倉市	神奈川県	東京都
鴨川市	千葉県	香川県
茅ヶ崎市	神奈川県	宮崎県
茅野市	長野県	秋田県
刈羽村	新潟県	秋田県
刈谷市	愛知県	秋田県
苅田町	福岡県	秋田県
寒河江市	山形県	山梨県
寒川町	神奈川県	香川県
甘楽町	群馬県	宮崎県
肝付町	鹿児島県	秋田県
観音寺市	香川県	宮城県
関ケ原町	岐阜県	秋田県
関市	岐阜県	宮城県
関川村	新潟県	秋田県
館山市	千葉県	宮城県
館林市	群馬県	東京都
丸亀市	香川県	宮城県
丸森町	宮城県	秋田県
岸和田市	大阪府	秋田県
岩見沢市	北海道	新潟県
岩国市	山口県	埼玉県
岩手町	岩手県	秋田県
岩出市	和歌山県	京都府
岩沼市	宮城県	新潟県
岩泉町	岩手県	秋田県
岩倉市	愛知県	宮城県
岩内町	北海道	秋田県
岩美町	鳥取県	秋田県
喜界町	鹿児島県	秋田県
喜多方市	福島県	山梨県
喜茂別町	北海道	秋田県
基山町	佐賀県	富山県
嬉野市	佐賀県	秋田県
寄居町	埼玉県	秋田県
岐南町	岐阜県	宮城県
岐阜市	岐阜県	京都府
気仙沼市	宮城県	千葉県
紀の川市	和歌山県	宮城県
紀美野町	和歌山県	秋田県
紀宝町	三重県	宮崎県
紀北町	三重県	宮城県
鬼北町	愛媛県	秋田県
亀岡市	京都府	岡山県
亀山市	三重県	宮城県
宜野座村	沖縄県	秋田県
宜野湾市	沖縄県	鳥取県
菊川市	静岡県	宮城県
菊池市	熊本県	秋田県
菊陽町	熊本県	秋田県
吉岡町	群馬県	宮崎県
吉賀町	島根県	滋賀県
吉見町	埼玉県	宮崎県
吉川市	埼玉県	京都府
吉田町	静岡県	秋田県
吉備中央町	岡山県	千葉県
吉富町	福岡県	福井県
吉野ヶ里町	佐賀県	秋田県
吉野川市	徳島県	宮崎県
吉野町	奈良県	秋田県
杵築市	大分県	宮城県
久喜市	埼玉県	大阪府
久御山町	京都府	和歌山県
久山町	福岡県	秋田県
久慈市	岩手県	東京都
久米島町	沖縄県	宮崎県
久米南町	岡山県	秋田県
久万高原町	愛媛県	秋田県
久留米市	福岡県	京都府
宮古市	岩手県	宮城県
宮古島市	沖縄県	宮崎県
宮崎市	宮崎県	宮城県
宮若市	福岡県	東京都
宮代町	埼玉県	宮城県
宮津市	京都府	宮崎県
宮田村	長野県	秋田県
球磨村	熊本県	秋田県
牛久市	茨城県	新潟県
鋸南町	千葉県	秋田県
魚沼市	新潟県	福井県
魚津市	富山県	福井県
京極町	北海道	秋田県
京丹後市	京都府	東京都
京丹波町	京都府	大阪府
京田辺市	京都府	秋田県
京都市	京都府	東京都
京都市右京区	京都府	東京都
京都市下京区	京都府	東京都
京都市左京区	京都府	東京都
京都市山科区	京都府	東京都
京都市上京区	京都府	東京都
京都市西京区	京都府	東京都
京都市中京区	京都府	東京都
京都市東山区	京都府	東京都
京都市南区	京都府	東京都
京都市伏見区	京都府	東京都
京都市北区	京都府	東京都
共和町	北海道	東京都
喬木村	長野県	栃木県
境港市	鳥取県	東京都
境町	茨城県	秋田県
橋本市	和歌山県	東京都
狭山市	埼玉県	山梨県
興部町	北海道	宮崎県
鏡石町	福島県	宮崎県
鏡野町	岡山県	秋田県
玉城町	三重県	宮城県
玉川村	福島県	香川県
玉村町	群馬県	秋田県
玉東町	熊本県	宮城県
玉名市	熊本県	京都府
玉野市	岡山県	埼玉県
桐生市	群馬県	京都府
錦江町	鹿児島県	秋田県
錦町	熊本県	東京都
琴浦町	鳥取県	福井県
琴平町	香川県	秋田県
近江八幡市	滋賀県	新潟県
金ケ崎町	岩手県	宮崎県
金山町	山形県	香川県
金山町	福島県	福井県
金沢市	石川県	新潟県
金武町	沖縄県	秋田県
九戸村	岩手県	秋田県
九十九里町	千葉県	秋田県
九重町	大分県	秋田県
九度山町	和歌山県	岡山県
倶知安町	北海道	秋田県
玖珠町	大分県	秋田県
駒ヶ根市	長野県	東京都
串間市	宮崎県	東京都
串本町	和歌山県	秋田県
釧路市	北海道	京都府
釧路町	北海道	秋田県
熊取町	大阪府	熊本県
熊谷市	埼玉県	熊本県
熊本市	熊本県	東京都
熊本市西区	熊本県	東京都
熊本市中央区	熊本県	東京都
熊本市東区	熊本県	東京都
熊本市南区	熊本県	東京都
熊本市北区	熊本県	東京都
熊野市	三重県	熊本県
熊野町	広島県	熊本県
栗原市	宮城県	秋田県
栗山町	北海道	秋田県
栗東市	滋賀県	秋田県
桑折町	福島県	秋田県
桑名市	三重県	東京都
君津市	千葉県	宮城県
訓子府町	北海道	秋田県
郡山市	福島県	京都府
郡上市	岐阜県	京都府
恵庭市	北海道	宮城県
恵那市	岐阜県	新潟県
桂川町	福岡県	香川県
軽井沢町	長野県	佐賀県
軽米町	岩手県	秋田県
芸西村	高知県	秋田県
穴水町	石川県	秋田県
結城市	茨城県	東京都
月形町	北海道	秋田県
剣淵町	北海道	秋田県
犬山市	愛知県	和歌山県
見附市	新潟県	宮城県
原村	長野県	秋田県
玄海町	佐賀県	秋田県
古河市	茨城県	京都府
古賀市	福岡県	滋賀県
古座川町	和歌山県	香川県
古殿町	福島県	秋田県
古平町	北海道	秋田県
戸沢村	山形県	秋田県
戸田市	埼玉県	秋田県
湖西市	静岡県	滋賀県
湖南市	滋賀県	東京都
菰野町	三重県	秋田県
五ヶ瀬町	宮崎県	秋田県
五霞町	茨城県	秋田県
五戸町	青森県	秋田県
五所川原市	青森県	神奈川県
五城目町	秋田県	宮城県
五泉市	新潟県	岐阜県
五島市	長崎県	広島県
五木村	熊本県	栃木県
五條市	奈良県	千葉県
呉市	広島県	東京都
御宿町	千葉県	秋田県
御所市	奈良県	京都府
御杖村	奈良県	鳥取県
御嵩町	岐阜県	宮城県
御船町	熊本県	秋田県
御前崎市	静岡県	宮崎県
御蔵島村	東京都	宮崎県
御代田町	長野県	秋田県
御殿場市	静岡県	東京都
御浜町	三重県	秋田県
御坊市	和歌山県	京都府
交野市	大阪府	秋田県
光市	山口県	東京都
厚岸町	北海道	秋田県
厚真町	北海道	秋田県
厚沢部町	北海道	秋田県
厚木市	神奈川県	東京都
向日市	京都府	東京都
幸手市	埼玉県	東京都
幸田町	愛知県	秋田県
広川町	和歌山県	香川県
広川町	福岡県	秋田県
広島市	広島県	東京都
広島市安芸区	広島県	宮城県
広島市安佐南区	広島県	宮城県
広島市安佐北区	広島県	宮城県
広島市佐伯区	広島県	宮城県
広島市西区	広島県	宮城県
広島市中区	広島県	宮城県
広島市東区	広島県	宮城県
広島市南区	広島県	宮城県
広尾町	北海道	秋田県
広野町	福島県	秋田県
広陵町	奈良県	秋田県
弘前市	青森県	京都府
更別村	北海道	秋田県
江戸川区	東京都	宮城県
江差町	北海道	秋田県
江津市	島根県	宮城県
江田島市	広島県	千葉県
江東区	東京都	宮城県
江南市	愛知県	東京都
江府町	鳥取県	京都府
江別市	北海道	千葉県
江北町	佐賀県	京都府
港区	東京都	京都府
甲賀市	滋賀県	宮城県
甲佐町	熊本県	秋田県
甲州市	山梨県	宮城県
甲斐市	山梨県	岐阜県
甲府市	山梨県	京都府
甲良町	滋賀県	千葉県
荒川区	東京都	京都府
荒尾市	熊本県	福井県
行橋市	福岡県	東京都
行田市	埼玉県	秋田県
行方市	茨城県	京都府
香芝市	奈良県	東京都
香取市	千葉県	京都府
香春町	福岡県	秋田県
香南市	高知県	東京都
香美市	高知県	東京都
香美町	兵庫県	秋田県
高岡市	富山県	宮城県
高原町	宮崎県	秋田県
高根沢町	栃木県	秋田県
高砂市	兵庫県	宮崎県
高崎市	群馬県	宮崎県
高山市	岐阜県	富山県
高山村	群馬県	岡山県
高山村	長野県	山口県
高取町	奈良県	秋田県
高松市	香川県	京都府
高森町	長野県	秋田県
高森町	熊本県	千葉県
高石市	大阪府	京都府
高千穂町	宮崎県	秋田県
高知市	高知県	京都府
高槻市	大阪府	京都府
高島市	滋賀県	千葉県
高鍋町	宮崎県	秋田県
高萩市	茨城県	福井県
高畠町	山形県	秋田県
高浜市	愛知県	京都府
高浜町	福井県	秋田県
高野町	和歌山県	長野県
高梁市	岡山県	山梨県
鴻巣市	埼玉県	宮城県
合志市	熊本県	京都府
国見町	福島県	秋田県
国東市	大分県	宮城県
国頭村	沖縄県	秋田県
国富町	宮崎県	秋田県
国分寺市	東京都	岐阜県
国立市	東京都	京都府
黒松内町	北海道	熊本県
黒石市	青森県	石川県
黒滝村	奈良県	秋田県
黒潮町	高知県	秋田県
黒部市	富山県	宮城県
狛江市	東京都	宮城県
今帰仁村	沖縄県	秋田県
今金町	北海道	秋田県
今治市	愛媛県	東京都
今別町	青森県	秋田県
根羽村	長野県	秋田県
根室市	北海道	京都府
佐井村	青森県	秋田県
佐賀市	佐賀県	宮城県
佐久市	長野県	福井県
佐久穂町	長野県	秋田県
佐々町	長崎県	秋田県
佐世保市	長崎県	京都府
佐川町	高知県	香川県
佐倉市	千葉県	宮城県
佐渡市	新潟県	京都府
佐那河内村	徳島県	佐賀県
佐伯市	大分県	大阪府
佐野市	栃木県	福井県
佐用町	兵庫県	秋田県
佐呂間町	北海道	秋田県
砂川市	北海道	香川県
座間市	神奈川県	宮城県
座間味村	沖縄県	秋田県
最上町	山形県	秋田県
坂井市	福井県	宮城県
坂戸市	埼玉県	宮城県
坂祝町	岐阜県	宮崎県
坂出市	香川県	大阪府
坂城町	長野県	宮城県
坂町	広島県	大阪府
坂東市	茨城県	宮城県
阪南市	大阪府	宮城県
堺市	大阪府	京都府
堺市堺区	大阪府	宮城県
堺市西区	大阪府	京都府
堺市中区	大阪府	京都府
堺市東区	大阪府	東京都
堺市南区	大阪府	京都府
堺市美原区	大阪府	京都府
堺市北区	大阪府	京都府
桜井市	奈良県	宮城県
桜川市	茨城県	香川県
鮭川村	山形県	香川県
札幌市	北海道	京都府
札幌市厚別区	北海道	千葉県
札幌市手稲区	北海道	福井県
札幌市清田区	北海道	秋田県
札幌市西区	北海道	京都府
札幌市中央区	北海道	東京都
札幌市東区	北海道	東京都
札幌市南区	北海道	京都府
札幌市白石区	北海道	京都府
札幌市豊平区	北海道	福井県
札幌市北区	北海道	京都府
薩摩川内市	鹿児島県	神奈川県
鯖江市	福井県	新潟県
鮫川村	福島県	香川県
三浦市	神奈川県	京都府
三笠市	北海道	京都府
三郷市	埼玉県	秋田県
三郷町	奈良県	秋田県
三原市	広島県	京都府
三原村	高知県	三重県
三戸町	青森県	秋田県
三股町	宮崎県	秋田県
三好市	徳島県	京都府
三次市	広島県	三重県
三種町	秋田県	千葉県
三春町	福島県	秋田県
三条市	新潟県	三重県
三川町	山形県	秋田県
三鷹市	東京都	鳥取県
三宅村	東京都	秋田県
三宅町	奈良県	秋田県
三沢市	青森県	宮城県
三朝町	鳥取県	秋田県
三田市	兵庫県	京都府
三島市	静岡県	広島県
三島村	鹿児島県	秋田県
三島町	福島県	秋田県
三芳町	埼玉県	秋田県
三豊市	香川県	福井県
三木市	兵庫県	三重県
三木町	香川県	秋田県
山ノ内町	長野県	新潟県
山形市	山形県	京都府
山形村	長野県	山形県
山県市	岐阜県	宮城県
山元町	宮城県	秋田県
山口市	山口県	宮城県
山江村	熊本県	岡山県
山鹿市	熊本県	山梨県
山中湖村	山梨県	山口県
山添村	奈良県	山梨県
山田町	岩手県	秋田県
山都町	熊本県	秋田県
山武市	千葉県	宮城県
山辺町	山形県	秋田県
山北町	神奈川県	宮城県
山陽小野田市	山口県	長野県
山梨市	山梨県	和歌山県
産山村	熊本県	秋田県
四街道市	千葉県	東京都
四国中央市	愛媛県	東京都
四日市市	三重県	京都府
四万十市	高知県	東京都
四万十町	高知県	秋田県
四條畷市	大阪府	千葉県
士別市	北海道	宮城県
士幌町	北海道	秋田県
市貝町	栃木県	秋田県
市原市	千葉県	京都府
市川三郷町	山梨県	秋田県
市川市	千葉県	宮城県
市川町	兵庫県	秋田県
志賀町	石川県	滋賀県
志布志市	鹿児島県	京都府
志摩市	三重県	新潟県
志免町	福岡県	福井県
志木市	埼玉県	福井県
指宿市	鹿児島県	東京都
枝幸町	北海道	秋田県
糸魚川市	新潟県	宮城県
糸田町	福岡県	秋田県
糸島市	福岡県	福島県
糸満市	沖縄県	東京都
紫波町	岩手県	秋田県
時津町	長崎県	千葉県
鹿屋市	鹿児島県	京都府
鹿角市	秋田県	鳥取県
鹿児島市	鹿児島県	広島県
鹿沼市	栃木県	京都府
鹿追町	北海道	鳥取県
鹿島市	佐賀県	鹿児島県
鹿嶋市	茨城県	福井県
鹿部町	北海道	秋田県
宍粟市	兵庫県	宮城県
雫石町	岩手県	秋田県
七ヶ宿町	宮城県	秋田県
七ヶ浜町	宮城県	秋田県
七戸町	青森県	秋田県
七宗町	岐阜県	秋田県
七飯町	北海道	秋田県
七尾市	石川県	京都府
室戸市	高知県	宮城県
室蘭市	北海道	宮城県
篠栗町	福岡県	秋田県
柴田町	宮城県	秋田県
芝山町	千葉県	秋田県
射水市	富山県	広島県
斜里町	北海道	秋田県
紗那村	北海道	秋田県
若狭町	福井県	秋田県
若桜町	鳥取県	秋田県
取手市	茨城県	東京都
守口市	大阪府	山口県
守山市	滋賀県	山口県
守谷市	茨城県	宮城県
珠洲市	石川県	京都府
酒々井町	千葉県	秋田県
酒田市	山形県	京都府
寿都町	北海道	秋田県
周南市	山口県	東京都
周防大島町	山口県	宮崎県
宗像市	福岡県	東京都
洲本市	兵庫県	東京都
秋田市	秋田県	千葉県
習志野市	千葉県	新潟県
舟橋村	富山県	宮崎県
舟形町	山形県	秋田県
住田町	岩手県	秋田県
十津川村	奈良県	秋田県
十島村	鹿児島県	秋田県
十日町市	新潟県	秋田県
十和田市	青森県	秋田県
渋川市	群馬県	宮城県
渋谷区	東京都	京都府
宿毛市	高知県	熊本県
出雲崎町	新潟県	宮崎県
出雲市	島根県	京都府
出水市	鹿児島県	東京都
春日井市	愛知県	福井県
春日市	福岡県	京都府
春日部市	埼玉県	新潟県
初山別村	北海道	鳥取県
所沢市	埼玉県	宮城県
諸塚村	宮崎県	秋田県
女川町	宮城県	秋田県
勝浦市	千葉県	宮城県
勝浦町	徳島県	秋田県
勝央町	岡山県	秋田県
勝山市	福井県	宮城県
小海町	長野県	秋田県
小笠原村	東京都	長野県
小金井市	東京都	福井県
小郡市	福岡県	秋田県
小国町	山形県	秋田県
小国町	熊本県	山口県
小坂町	秋田県	千葉県
小山市	栃木県	山梨県
小山町	静岡県	和歌山県
小鹿野町	埼玉県	秋田県
小諸市	長野県	千葉県
小松市	石川県	新潟県
小松島市	徳島県	鹿児島県
小城市	佐賀県	宮城県
小菅村	山梨県	秋田県
小清水町	北海道	秋田県
小千谷市	新潟県	千葉県
小川村	長野県	香川県
小川町	埼玉県	香川県
小谷村	長野県	秋田県
小樽市	北海道	京都府
小値賀町	長崎県	佐賀県
小竹町	福岡県	秋田県
小田原市	神奈川県	福井県
小豆島町	香川県	秋田県
小美玉市	茨城県	山梨県
小浜市	福井県	新潟県
小布施町	長野県	秋田県
小平市	東京都	宮城県
小平町	北海道	秋田県
小牧市	愛知県	京都府
小野市	兵庫県	新潟県
小野町	福島県	秋田県
小矢部市	富山県	京都府
小林市	宮崎県	新潟県
庄原市	広島県	大阪府
庄内町	山形県	秋田県
昭島市	東京都	広島県
昭和村	福島県	秋田県
昭和村	群馬県	香川県
昭和町	山梨県	秋田県
松浦市	長崎県	大阪府
松原市	大阪府	京都府
松戸市	千葉県	宮城県
松江市	島根県	東京都
松阪市	三重県	大阪府
松崎町	静岡県	宮崎県
松山市	愛媛県	宮城県
松川村	長野県	香川県
松川町	長野県	香川県
松前町	北海道	秋田県
松前町	愛媛県	宮崎県
松田町	神奈川県	秋田県
松島町	宮城県	宮崎県
松伏町	埼玉県	秋田県
松本市	長野県	東京都
松茂町	徳島県	秋田県
松野町	愛媛県	秋田県
沼津市	静岡県	福井県
沼田市	群馬県	秋田県
沼田町	北海道	秋田県
焼津市	静岡県	千葉県
上ノ国町	北海道	秋田県
上越市	新潟県	京都府
上関町	山口県	秋田県
上郡町	兵庫県	秋田県
上砂川町	北海道	香川県
上三川町	栃木県	香川県
上山市	山形県	山梨県
上士幌町	北海道	秋田県
上市町	富山県	宮城県
上勝町	徳島県	秋田県
上小阿仁村	秋田県	香川県
上松町	長野県	秋田県
上川町	北海道	香川県
上天草市	熊本県	京都府
上田市	長野県	秋田県
上島町	愛媛県	秋田県
上板町	徳島県	秋田県
上尾市	埼玉県	京都府
上富田町	和歌山県	秋田県
上富良野町	北海道	長野県
上峰町	佐賀県	秋田県
上北山村	奈良県	山梨県
上牧町	奈良県	秋田県
上毛町	福岡県	秋田県
上野原市	山梨県	福井県
上野村	群馬県	長野県
上里町	埼玉県	秋田県
城陽市	京都府	東京都
城里町	茨城県	秋田県
常滑市	愛知県	山梨県
常総市	茨城県	東京都
常陸太田市	茨城県	秋田県
常陸大宮市	茨城県	東京都
色丹村	北海道	秋田県
色麻町	宮城県	香川県
信濃町	長野県	千葉県
寝屋川市	大阪府	京都府
新ひだか町	北海道	秋田県
新温泉町	兵庫県	秋田県
新潟市	新潟県	東京都
新潟市江南区	新潟県	神奈川県
新潟市秋葉区	新潟県	秋田県
新潟市西蒲区	新潟県	神奈川県
新潟市西区	新潟県	神奈川県
新潟市中央区	新潟県	東京都
新潟市東区	新潟県	神奈川県
新潟市南区	新潟県	神奈川県
新潟市北区	新潟県	東京都
新冠町	北海道	広島県
新宮市	和歌山県	東京都
新宮町	福岡県	千葉県
新居浜市	愛媛県	東京都
新郷村	青森県	秋田県
新見市	岡山県	新潟県
新座市	埼玉県	東京都
新篠津村	北海道	秋田県
新十津川町	北海道	秋田県
新宿区	東京都	京都府
新庄市	山形県	秋田県
新庄村	岡山県	秋田県
新上五島町	長崎県	鹿児島県
新城市	愛知県	東京都
新地町	福島県	秋田県
新島村	東京都	秋田県
新得町	北海道	秋田県
新発田市	新潟県	秋田県
新富町	宮崎県	秋田県
森町	北海道	秋田県
森町	静岡県	千葉県
榛東村	群馬県	秋田県
深浦町	青森県	福井県
深川市	北海道	新潟県
深谷市	埼玉県	高知県
真岡市	栃木県	福井県
真室川町	山形県	香川県
真狩村	北海道	鳥取県
真鶴町	神奈川県	鳥取県
真庭市	岡山県	京都府
神河町	兵庫県	新潟県
神恵内村	北海道	秋田県
神戸市	兵庫県	東京都
神戸市須磨区	兵庫県	宮城県
神戸市垂水区	兵庫県	宮城県
神戸市西区	兵庫県	宮城県
神戸市中央区	兵庫県	東京都
神戸市長田区	兵庫県	東京都
神戸市東灘区	兵庫県	宮城県
神戸市灘区	兵庫県	宮城県
神戸市兵庫区	兵庫県	宮城県
神戸市北区	兵庫県	東京都
神戸町	岐阜県	宮城県
神崎町	千葉県	宮崎県
神埼市	佐賀県	埼玉県
神山町	徳島県	和歌山県
神栖市	茨城県	宮城県
神石高原町	広島県	秋田県
神川町	埼玉県	神奈川県
神津島村	東京都	宮崎県
神流町	群馬県	秋田県
秦野市	神奈川県	長野県
身延町	山梨県	秋田県
人吉市	熊本県	京都府
仁木町	北海道	秋田県
仁淀川町	高知県	秋田県
壬生町	栃木県	秋田県
諏訪市	長野県	宮城県
須賀川市	福島県	宮城県
須恵町	福岡県	千葉県
須坂市	長野県	新潟県
須崎市	高知県	宮崎県
逗子市	神奈川県	京都府
吹田市	大阪府	秋田県
垂井町	岐阜県	秋田県
垂水市	鹿児島県	宮城県
水巻町	福岡県	秋田県
水戸市	茨城県	宮城県
水上村	熊本県	山口県
水俣市	熊本県	京都府
瑞穂市	岐阜県	宮城県
瑞穂町	東京都	秋田県
瑞浪市	岐阜県	広島県
杉戸町	埼玉県	秋田県
杉並区	東京都	宮城県
裾野市	静岡県	秋田県
世田谷区	東京都	京都府
世羅町	広島県	宮城県
瀬戸市	愛知県	宮城県
瀬戸内市	岡山県	新潟県
瀬戸内町	鹿児島県	秋田県
成田市	千葉県	京都府
清須市	愛知県	京都府
清水町	北海道	秋田県
清水町	静岡県	茨城県
清瀬市	東京都	宮城県
清川村	神奈川県	山口県
清里町	北海道	秋田県
生駒市	奈良県	東京都
生坂村	長野県	秋田県
盛岡市	岩手県	宮城県
精華町	京都府	千葉県
聖籠町	新潟県	秋田県
西ノ島町	島根県	秋田県
西粟倉村	岡山県	秋田県
西伊豆町	静岡県	秋田県
西会津町	福島県	秋田県
西海市	長崎県	宮城県
西宮市	兵庫県	東京都
西興部村	北海道	岡山県
西郷村	福島県	秋田県
西桂町	山梨県	秋田県
西原村	熊本県	秋田県
西原町	沖縄県	秋田県
西条市	愛媛県	東京都
西川町	山形県	秋田県
西都市	宮崎県	東京都
西東京市	東京都	宮城県
西之表市	鹿児島県	京都府
西尾市	愛知県	新潟県
西米良村	宮崎県	秋田県
西目屋村	青森県	宮崎県
西予市	愛媛県	京都府
西和賀町	岩手県	秋田県
西脇市	兵庫県	宮城県
青ヶ島村	東京都	鹿児島県
青森市	青森県	新潟県
青梅市	東京都	山梨県
青木村	長野県	秋田県
静岡市	静岡県	宮城県
静岡市葵区	静岡県	宮城県
静岡市駿河区	静岡県	宮城県
静岡市清水区	静岡県	宮崎県
石井町	徳島県	秋田県
石岡市	茨城県	宮城県
石垣市	沖縄県	京都府
石巻市	宮城県	京都府
石狩市	北海道	京都府
石川町	福島県	石川県
積丹町	北海道	秋田県
赤井川村	北海道	秋田県
赤村	福岡県	秋田県
赤磐市	岡山県	宮城県
赤平市	北海道	東京都
赤穂市	兵庫県	宮城県
摂津市	大阪府	宮城県
設楽町	愛知県	千葉県
仙台市	宮城県	京都府
仙台市宮城野区	宮城県	神奈川県
仙台市若林区	宮城県	新潟県
仙台市青葉区	宮城県	新潟県
仙台市泉区	宮城県	京都府
仙台市太白区	宮城県	大阪府
仙北市	秋田県	北海道
千曲市	長野県	東京都
千歳市	北海道	千葉県
千早赤阪村	大阪府	秋田県
千代田区	東京都	千葉県
千代田町	群馬県	秋田県
千葉市	千葉県	東京都
千葉市稲毛区	千葉県	秋田県
千葉市花見川区	千葉県	宮城県
千葉市若葉区	千葉県	秋田県
千葉市中央区	千葉県	東京都
千葉市美浜区	千葉県	東京都
千葉市緑区	千葉県	宮城県
占冠村	北海道	岡山県
川越市	埼玉県	京都府
川越町	三重県	香川県
川口市	埼玉県	宮城県
川根本町	静岡県	香川県
川崎市	神奈川県	宮城県
川崎市宮前区	神奈川県	宮崎県
川崎市幸区	神奈川県	宮崎県
川崎市高津区	神奈川県	宮崎県
川崎市川崎区	神奈川県	宮崎県
川崎市多摩区	神奈川県	宮崎県
川崎市中原区	神奈川県	宮崎県
川崎市麻生区	神奈川県	宮崎県
川崎町	宮城県	宮崎県
川崎町	福岡県	香川県
川上村	長野県	香川県
川上村	奈良県	秋田県
川場村	群馬県	秋田県
川西市	兵庫県	香川県
川西町	山形県	香川県
川西町	奈良県	秋田県
川棚町	長崎県	秋田県
川島町	埼玉県	宮城県
川内村	福島県	香川県
川南町	宮崎県	神奈川県
川辺町	岐阜県	秋田県
川北町	石川県	香川県
川本町	島根県	熊本県
川俣町	福島県	香川県
泉佐野市	大阪府	福井県
泉崎村	福島県	宮崎県
泉大津市	大阪府	東京都
泉南市	大阪府	宮城県
浅口市	岡山県	山口県
浅川町	福島県	香川県
船橋市	千葉県	東京都
前橋市	群馬県	宮城県
善通寺市	香川県	大阪府
曽於市	鹿児島県	京都府
曽爾村	奈良県	山口県
双葉町	福島県	秋田県
倉吉市	鳥取県	宮崎県
倉敷市	岡山県	福井県
壮瞥町	北海道	秋田県
匝瑳市	千葉県	京都府
早川町	山梨県	香川県
早島町	岡山県	千葉県
相生市	兵庫県	大阪府
相馬市	福島県	東京都
相模原市	神奈川県	京都府
相模原市中央区	神奈川県	東京都
相模原市南区	神奈川県	東京都
相模原市緑区	神奈川県	宮城県
相良村	熊本県	秋田県
総社市	岡山県	宮城県
草加市	埼玉県	東京都
草津市	滋賀県	京都府
草津町	群馬県	秋田県
増毛町	北海道	秋田県
蔵王町	宮城県	秋田県
足寄町	北海道	福井県
足利市	栃木県	京都府
足立区	東京都	京都府
袖ケ浦市	千葉県	大阪府
村山市	山形県	秋田県
村上市	新潟県	秋田県
村田町	宮城県	秋田県
多可町	兵庫県	秋田県
多賀城市	宮城県	新潟県
多賀町	滋賀県	秋田県
多気町	三重県	秋田県
多久市	佐賀県	東京都
多古町	千葉県	秋田県
多治見市	岐阜県	宮城県
多度津町	香川県	秋田県
多摩市	東京都	京都府
多良間村	沖縄県	秋田県
多良木町	熊本県	秋田県
太宰府市	福岡県	京都府
太子町	大阪府	京都府
太子町	兵庫県	福井県
太地町	和歌山県	秋田県
太田市	群馬県	福井県
太良町	佐賀県	秋田県
対馬市	長崎県	千葉県
帯広市	北海道	広島県
泰阜村	長野県	岐阜県
胎内市	新潟県	東京都
袋井市	静岡県	福井県
台東区	東京都	宮城県
大井町	神奈川県	秋田県
大磯町	神奈川県	秋田県
大河原町	宮城県	秋田県
大垣市	岐阜県	京都府
大潟村	秋田県	新潟県
大間町	青森県	秋田県
大館市	秋田県	東京都
大紀町	三重県	秋田県
大宜味村	沖縄県	宮崎県
大郷町	宮城県	秋田県
大玉村	福島県	山梨県
大空町	北海道	秋田県
大熊町	福島県	熊本県
大桑村	長野県	岡山県
大月市	山梨県	東京都
大月町	高知県	秋田県
大口町	愛知県	秋田県
大江町	山形県	秋田県
大衡村	宮城県	秋田県
大阪狭山市	大阪府	富山県
大阪市	大阪府	東京都
大阪市阿倍野区	大阪府	京都府
大阪市旭区	大阪府	京都府
大阪市港区	大阪府	東京都
大阪市此花区	大阪府	京都府
大阪市住吉区	大阪府	東京都
大阪市住之江区	大阪府	京都府
大阪市城東区	大阪府	東京都
大阪市生野区	大阪府	東京都
大阪市西区	大阪府	京都府
大阪市西成区	大阪府	京都府
大阪市西淀川区	大阪府	京都府
大阪市大正区	大阪府	東京都
大阪市中央区	大阪府	東京都
大阪市鶴見区	大阪府	東京都
大阪市天王寺区	大阪府	京都府
大阪市都島区	大阪府	東京都
大阪市東住吉区	大阪府	東京都
大阪市東成区	大阪府	東京都
大阪市東淀川区	大阪府	東京都
大阪市福島区	大阪府	福井県
大阪市平野区	大阪府	京都府
大阪市北区	大阪府	東京都
大阪市淀川区	大阪府	京都府
大阪市浪速区	大阪府	京都府
大崎市	宮城県	宮崎県
大崎上島町	広島県	宮崎県
大崎町	鹿児島県	宮崎県
大山崎町	京都府	宮崎県
大山町	鳥取県	秋田県
大子町	茨城県	秋田県
大治町	愛知県	秋田県
大鹿村	長野県	鳥取県
大樹町	北海道	秋田県
大洲市	愛媛県	広島県
大石田町	山形県	秋田県
大仙市	秋田県	大阪府
大川市	福岡県	香川県
大川村	高知県	香川県
大泉町	群馬県	秋田県
大洗町	茨城県	秋田県
大船渡市	岩手県	京都府
大蔵村	山形県	秋田県
大村市	長崎県	秋田県
大多喜町	千葉県	秋田県
大台町	三重県	東京都
大竹市	広島県	宮城県
大町市	長野県	東京都
大町町	佐賀県	千葉県
大津市	滋賀県	東京都
大津町	熊本県	秋田県
大槌町	岩手県	秋田県
大田区	東京都	秋田県
大田原市	栃木県	秋田県
大田市	島根県	秋田県
大刀洗町	福岡県	香川県
大島町	東京都	秋田県
大東市	大阪府	東京都
大任町	福岡県	秋田県
大府市	愛知県	大阪府
大分市	大分県	京都府
大豊町	高知県	秋田県
大牟田市	福岡県	福井県
大網白里市	千葉県	京都府
大木町	福岡県	秋田県
大野市	福井県	長野県
大野城市	福岡県	東京都
大野町	岐阜県	秋田県
大淀町	奈良県	秋田県
大和郡山市	奈良県	和歌山県
大和高田市	奈良県	高知県
大和市	神奈川県	東京都
大和村	鹿児島県	秋田県
大和町	宮城県	秋田県
大鰐町	青森県	秋田県
鷹栖町	北海道	鳥取県
滝上町	北海道	千葉県
滝川市	北海道	宮城県
滝沢市	岩手県	千葉県
只見町	福島県	秋田県
辰野町	長野県	秋田県
棚倉町	福島県	秋田県
丹波山村	山梨県	山口県
丹波市	兵庫県	大阪府
丹波篠山市	兵庫県	大阪府
淡路市	兵庫県	京都府
男鹿市	秋田県	京都府
知多市	愛知県	高知県
知内町	北海道	秋田県
知夫村	島根県	秋田県
知名町	鹿児島県	京都府
知立市	愛知県	東京都
智頭町	鳥取県	秋田県
池田市	大阪府	秋田県
池田町	北海道	秋田県
池田町	福井県	千葉県
池田町	長野県	宮崎県
池田町	岐阜県	宮城県
稚内市	北海道	新潟県
置戸町	北海道	秋田県
築上町	福岡県	秋田県
竹原市	広島県	京都府
竹田市	大分県	秋田県
竹富町	沖縄県	福井県
筑後市	福岡県	東京都
筑紫野市	福岡県	長野県
筑西市	茨城県	宮城県
筑前町	福岡県	秋田県
筑北村	長野県	秋田県
秩父市	埼玉県	京都府
秩父別町	北海道	秋田県
中井町	神奈川県	秋田県
中央区	東京都	大分県
中央市	山梨県	東京都
中間市	福岡県	東京都
中札内村	北海道	秋田県
中山町	山形県	宮城県
中種子町	鹿児島県	秋田県
中城村	沖縄県	秋田県
中川村	長野県	香川県
中川町	北海道	香川県
中津市	大分県	新潟県
中津川市	岐阜県	宮城県
中土佐町	高知県	秋田県
中島村	福島県	秋田県
中頓別町	北海道	秋田県
中之条町	群馬県	秋田県
中能登町	石川県	秋田県
中泊町	青森県	秋田県
中標津町	北海道	秋田県
中富良野町	北海道	秋田県
中野区	東京都	京都府
中野市	長野県	京都府
忠岡町	大阪府	宮崎県
猪苗代町	福島県	秋田県
猪名川町	兵庫県	神奈川県
朝霞市	埼玉県	大阪府
朝倉市	福岡県	宮城県
朝日村	長野県	秋田県
朝日町	山形県	秋田県
朝日町	富山県	千葉県
朝日町	三重県	福井県
朝来市	兵庫県	京都府
潮来市	茨城県	大阪府
町田市	東京都	秋田県
調布市	東京都	宮城県
銚子市	千葉県	宮城県
長井市	山形県	千葉県
長岡京市	京都府	宮城県
長岡市	新潟県	宮城県
長久手市	愛知県	東京都
長崎市	長崎県	宮崎県
長洲町	熊本県	長崎県
長沼町	北海道	長野県
長生村	千葉県	宮崎県
長泉町	静岡県	秋田県
長島町	鹿児島県	長崎県
長瀞町	埼玉県	秋田県
長南町	千葉県	宮城県
長浜市	滋賀県	東京都
長柄町	千葉県	秋田県
長万部町	北海道	秋田県
長門市	山口県	宮城県
長野原町	群馬県	長野県
長野市	長野県	長崎県
長与町	長崎県	長野県
長和町	長野県	秋田県
鳥羽市	三重県	鳥取県
鳥取市	鳥取県	千葉県
鳥栖市	佐賀県	鳥取県
直島町	香川県	千葉県
直方市	福岡県	宮城県
津久見市	大分県	宮城県
津山市	岡山県	宮城県
津市	三重県	宮城県
津島市	愛知県	宮崎県
津奈木町	熊本県	秋田県
津南町	新潟県	宮城県
津幡町	石川県	福井県
津別町	北海道	秋田県
津野町	高知県	秋田県
津和野町	島根県	秋田県
椎葉村	宮崎県	秋田県
嬬恋村	群馬県	鳥取県
鶴ヶ島市	埼玉県	鹿児島県
鶴岡市	山形県	千葉県
鶴居村	北海道	鳥取県
鶴田町	青森県	秋田県
弟子屈町	北海道	秋田県
笛吹市	山梨県	京都府
天栄村	福島県	秋田県
天塩町	北海道	秋田県
天城町	鹿児島県	秋田県
天川村	奈良県	香川県
天草市	熊本県	京都府
天童市	山形県	東京都
天理市	奈良県	京都府
天龍村	長野県	岡山県
添田町	福岡県	秋田県
田原市	愛知県	秋田県
田原本町	奈良県	秋田県
田子町	青森県	秋田県
田舎館村	青森県	秋田県
田上町	新潟県	秋田県
田尻町	大阪府	秋田県
田川市	福岡県	秋田県
田村市	福島県	秋田県
田布施町	山口県	秋田県
田辺市	和歌山県	秋田県
田野町	高知県	秋田県
田野畑村	岩手県	秋田県
渡嘉敷村	沖縄県	宮崎県
渡名喜村	沖縄県	宮崎県
登米市	宮城県	東京都
登別市	北海道	新潟県
都城市	宮崎県	東京都
都農町	宮崎県	秋田県
都留市	山梨県	京都府
砥部町	愛媛県	秋田県
砺波市	富山県	宮城県
度会町	三重県	秋田県
土浦市	茨城県	京都府
土岐市	岐阜県	京都府
土佐市	高知県	京都府
土佐清水市	高知県	新潟県
土佐町	高知県	福井県
土庄町	香川県	秋田県
唐津市	佐賀県	京都府
島原市	長崎県	宮城県
島田市	静岡県	秋田県
島牧村	北海道	秋田県
島本町	大阪府	秋田県
東かがわ市	香川県	新潟県
東みよし町	徳島県	秋田県
東伊豆町	静岡県	秋田県
東員町	三重県	秋田県
東浦町	愛知県	福井県
東栄町	愛知県	秋田県
東温市	愛媛県	東京都
東海市	愛知県	宮城県
東海村	茨城県	秋田県
東吉野村	奈良県	秋田県
東久留米市	東京都	新潟県
東郷町	愛知県	秋田県
東近江市	滋賀県	千葉県
東金市	千葉県	東京都
東串良町	鹿児島県	宮城県
東吾妻町	群馬県	秋田県
東御市	長野県	東京都
東広島市	広島県	東京都
東根市	山形県	東京都
東庄町	千葉県	秋田県
東松山市	埼玉県	岡山県
東松島市	宮城県	鹿児島県
東神楽町	北海道	東京都
東成瀬村	秋田県	熊本県
東川町	北海道	秋田県
東村	沖縄県	秋田県
東村山市	東京都	宮城県
東大阪市	大阪府	東京都
東大和市	東京都	広島県
東秩父村	埼玉県	秋田県
東通村	青森県	宮崎県
東白川村	岐阜県	香川県
東彼杵町	長崎県	秋田県
東峰村	福岡県	岡山県
東北町	青森県	宮城県
東洋町	高知県	秋田県
梼原町	高知県	秋田県
湯河原町	神奈川県	秋田県
湯川村	福島県	秋田県
湯浅町	和歌山県	秋田県
湯前町	熊本県	秋田県
湯沢市	秋田県	宮城県
湯沢町	新潟県	秋田県
湯梨浜町	鳥取県	秋田県
当別町	北海道	秋田県
当麻町	北海道	香川県
藤井寺市	大阪府	茨城県
藤岡市	群馬県	宮城県
藤崎町	青森県	宮崎県
藤枝市	静岡県	京都府
藤沢市	神奈川県	茨城県
藤里町	秋田県	千葉県
洞爺湖町	北海道	秋田県
道志村	山梨県	山口県
徳島市	徳島県	千葉県
徳之島町	鹿児島県	徳島県
読谷村	沖縄県	秋田県
栃木市	栃木県	新潟県
苫小牧市	北海道	長野県
苫前町	北海道	秋田県
敦賀市	福井県	滋賀県
奈井江町	北海道	秋田県
奈義町	岡山県	千葉県
奈半利町	高知県	千葉県
奈良市	奈良県	新潟県
那珂市	茨城県	新潟県
那珂川市	福岡県	神奈川県
那珂川町	栃木県	香川県
那賀町	徳島県	滋賀県
那須烏山市	栃木県	京都府
那須塩原市	栃木県	新潟県
那須町	栃木県	千葉県
那智勝浦町	和歌山県	宮崎県
那覇市	沖縄県	京都府
内子町	愛媛県	秋田県
内灘町	石川県	秋田県
楢葉町	福島県	秋田県
南アルプス市	山梨県	青森県
南あわじ市	兵庫県	宮城県
南さつま市	鹿児島県	新潟県
南阿蘇村	熊本県	宮崎県
南伊勢町	三重県	千葉県
南伊豆町	静岡県	新潟県
南越前町	福井県	新潟県
南会津町	福島県	新潟県
南関町	熊本県	秋田県
南魚沼市	新潟県	福井県
南九州市	鹿児島県	新潟県
南国市	高知県	新潟県
南三陸町	宮城県	千葉県
南山城村	京都府	岡山県
南種子町	鹿児島県	秋田県
南小国町	熊本県	秋田県
南城市	沖縄県	東京都
南相馬市	福島県	宮城県
南相木村	長野県	栃木県
南足柄市	神奈川県	新潟県
南大隅町	鹿児島県	新潟県
南大東村	沖縄県	秋田県
南丹市	京都府	大阪府
南知多町	愛知県	秋田県
南砺市	富山県	新潟県
南島原市	長崎県	鹿児島県
南富良野町	北海道	秋田県
南部町	青森県	秋田県
南部町	山梨県	宮崎県
南部町	鳥取県	宮城県
南風原町	沖縄県	秋田県
南房総市	千葉県	東京都
南牧村	群馬県	鳥取県
南牧村	長野県	秋田県
南幌町	北海道	秋田県
南箕輪村	長野県	宮崎県
南木曽町	長野県	秋田県
南陽市	山形県	東京都
二宮町	神奈川県	千葉県
二戸市	岩手県	宮城県
二本松市	福島県	大阪府
尼崎市	兵庫県	新潟県
廿日市市	広島県	東京都
日の出町	東京都	秋田県
日吉津村	鳥取県	秋田県
日光市	栃木県	東京都
日向市	宮崎県	東京都
日高市	埼玉県	京都府
日高川町	和歌山県	香川県
日高村	高知県	秋田県
日高町	北海道	秋田県
日高町	和歌山県	千葉県
日出町	大分県	秋田県
日進市	愛知県	東京都
日置市	鹿児島県	京都府
日田市	大分県	秋田県
日南市	宮崎県	京都府
日南町	鳥取県	秋田県
日之影町	宮崎県	秋田県
日野市	東京都	長野県
日野町	滋賀県	秋田県
日野町	鳥取県	千葉県
日立市	茨城県	宮城県
入間市	埼玉県	宮城県
入善町	富山県	秋田県
韮崎市	山梨県	宮崎県
忍野村	山梨県	秋田県
熱海市	静岡県	東京都
能勢町	大阪府	秋田県
能代市	秋田県	東京都
能登町	石川県	秋田県
能美市	石川県	東京都
播磨町	兵庫県	秋田県
波佐見町	長崎県	宮崎県
馬路村	高知県	宮崎県
売木村	長野県	秋田県
萩市	山口県	宮城県
伯耆町	鳥取県	秋田県
柏原市	大阪府	熊本県
柏崎市	新潟県	福井県
柏市	千葉県	東京都
泊村	北海道	秋田県
泊村	北海道	岐阜県
白井市	千葉県	京都府
白岡市	埼玉県	新潟県
白河市	福島県	新潟県
白糠町	北海道	秋田県
白山市	石川県	山梨県
白子町	千葉県	秋田県
白石市	宮城県	石川県
白石町	佐賀県	秋田県
白川村	岐阜県	香川県
白川町	岐阜県	香川県
白鷹町	山形県	鳥取県
白馬村	長野県	鳥取県
白浜町	和歌山県	秋田県
白老町	北海道	秋田県
粕屋町	福岡県	秋田県
函館市	北海道	宮城県
函南町	静岡県	宮城県
箱根町	神奈川県	熊本県
八雲町	北海道	千葉県
八王子市	東京都	京都府
八街市	千葉県	東京都
八戸市	青森県	宮城県
八重瀬町	沖縄県	千葉県
八女市	福岡県	宮城県
八丈町	東京都	秋田県
八千代市	千葉県	京都府
八千代町	茨城県	秋田県
八代市	熊本県	京都府
八潮市	埼玉県	宮城県
八頭町	鳥取県	秋田県
八幡市	京都府	福井県
八幡浜市	愛媛県	新潟県
八幡平市	岩手県	福井県
八尾市	大阪府	新潟県
八百津町	岐阜県	秋田県
八峰町	秋田県	宮崎県
八郎潟町	秋田県	新潟県
鳩山町	埼玉県	秋田県
塙町	福島県	秋田県
半田市	愛知県	秋田県
斑鳩町	奈良県	鳥取県
板橋区	東京都	宮城県
板倉町	群馬県	宮城県
板野町	徳島県	秋田県
板柳町	青森県	秋田県
飯舘村	福島県	鳥取県
飯綱町	長野県	秋田県
飯山市	長野県	福井県
飯塚市	福岡県	宮城県
飯田市	長野県	福井県
飯島町	長野県	秋田県
飯南町	島根県	千葉県
飯能市	埼玉県	福井県
飯豊町	山形県	秋田県
磐梯町	福島県	宮崎県
磐田市	静岡県	福井県
比布町	北海道	京都府
飛騨市	岐阜県	宮城県
飛島村	愛知県	鳥取県
備前市	岡山県	宮城県
尾花沢市	山形県	佐賀県
尾張旭市	愛知県	京都府
尾道市	広島県	大阪府
尾鷲市	三重県	鳥取県
美唄市	北海道	京都府
美浦村	茨城県	福井県
美瑛町	北海道	秋田県
美郷町	秋田県	香川県
美郷町	島根県	佐賀県
美郷町	宮崎県	千葉県
美咲町	岡山県	秋田県
美作市	岡山県	東京都
美深町	北海道	秋田県
美祢市	山口県	新潟県
美濃加茂市	岐阜県	宮城県
美濃市	岐阜県	宮城県
美波町	徳島県	秋田県
美馬市	徳島県	東京都
美浜町	福井県	宮崎県
美浜町	愛知県	新潟県
美浜町	和歌山県	秋田県
美幌町	北海道	香川県
美里町	宮城県	秋田県
美里町	埼玉県	福井県
美里町	熊本県	宮崎県
彦根市	滋賀県	京都府
姫島村	大分県	宮崎県
姫路市	兵庫県	千葉県
標茶町	北海道	秋田県
標津町	北海道	宮城県
氷見市	富山県	千葉県
氷川町	熊本県	香川県
品川区	東京都	京都府
浜松市	静岡県	東京都
浜松市中央区	静岡県	東京都
浜松市天竜区	静岡県	東京都
浜松市浜名区	静岡県	東京都
浜中町	北海道	秋田県
浜田市	島根県	秋田県
浜頓別町	北海道	秋田県
富岡市	群馬県	福井県
富岡町	福島県	岡山県
富加町	岐阜県	秋田県
富山市	富山県	福井県
富士河口湖町	山梨県	福井県
富士吉田市	山梨県	福井県
富士宮市	静岡県	東京都
富士見市	埼玉県	東京都
富士見町	長野県	福井県
富士市	静岡県	東京都
富士川町	山梨県	富山県
富谷市	宮城県	岐阜県
富津市	千葉県	福井県
富田林市	大阪府	福井県
富里市	千葉県	東京都
富良野市	北海道	福井県
府中市	東京都	京都府
府中市	広島県	大阪府
府中町	広島県	秋田県
扶桑町	愛知県	福井県
普代村	岩手県	秋田県
武蔵村山市	東京都	和歌山県
武蔵野市	東京都	千葉県
武豊町	愛知県	秋田県
武雄市	佐賀県	宮城県
舞鶴市	京都府	鳥取県
風間浦村	青森県	福井県
福井市	福井県	京都府
福岡市	福岡県	福井県
福岡市城南区	福岡県	福井県
福岡市西区	福岡県	福井県
福岡市早良区	福岡県	福井県
福岡市中央区	福岡県	福井県
福岡市東区	福岡県	福井県
福岡市南区	福岡県	福井県
福岡市博多区	福岡県	福井県
福崎町	兵庫県	福井県
福山市	広島県	福井県
福生市	東京都	福井県
福知山市	京都府	福井県
福智町	福岡県	福井県
福津市	福岡県	福井県
福島市	福島県	東京都
福島町	北海道	福井県
文京区	東京都	京都府
平群町	奈良県	秋田県
平戸市	長崎県	東京都
平取町	北海道	秋田県
平生町	山口県	秋田県
平川市	青森県	宮城県
平泉町	岩手県	秋田県
平谷村	長野県	秋田県
平塚市	神奈川県	宮城県
平田村	福島県	秋田県
平内町	青森県	秋田県
米原市	滋賀県	京都府
米子市	鳥取県	京都府
米沢市	山形県	新潟県
碧南市	愛知県	東京都
別海町	北海道	秋田県
別府市	大分県	京都府
片品村	群馬県	秋田県
宝達志水町	石川県	秋田県
宝塚市	兵庫県	東京都
芳賀町	栃木県	滋賀県
蓬田村	青森県	秋田県
豊浦町	北海道	福井県
豊岡市	兵庫県	宮城県
豊丘村	長野県	秋田県
豊橋市	愛知県	福井県
豊郷町	滋賀県	秋田県
豊見城市	沖縄県	宮城県
豊後高田市	大分県	秋田県
豊後大野市	大分県	長野県
豊頃町	北海道	秋田県
豊根村	愛知県	秋田県
豊山町	愛知県	秋田県
豊川市	愛知県	福井県
豊前市	福岡県	宮城県
豊中市	大阪府	福井県
豊田市	愛知県	福井県
豊島区	東京都	福井県
豊能町	大阪府	秋田県
豊富町	北海道	秋田県
豊明市	愛知県	福井県
鉾田市	茨城県	秋田県
防府市	山口県	京都府
北茨城市	茨城県	東京都
北栄町	鳥取県	秋田県
北塩原村	福島県	秋田県
北九州市	福岡県	京都府
北九州市戸畑区	福岡県	新潟県
北九州市若松区	福岡県	新潟県
北九州市小倉南区	福岡県	新潟県
北九州市小倉北区	福岡県	新潟県
北九州市八幡西区	福岡県	新潟県
北九州市八幡東区	福岡県	新潟県
北九州市門司区	福岡県	宮城県
北区	東京都	京都府
北見市	北海道	新潟県
北広島市	北海道	広島県
北広島町	広島県	秋田県
北山村	和歌山県	熊本県
北秋田市	秋田県	千葉県
北上市	岩手県	東京都
北川村	高知県	秋田県
北相木村	長野県	栃木県
北大東村	沖縄県	秋田県
北谷町	沖縄県	秋田県
北中城村	沖縄県	秋田県
北斗市	北海道	東京都
北杜市	山梨県	京都府
北島町	徳島県	千葉県
北方町	岐阜県	秋田県
北本市	埼玉県	東京都
北名古屋市	愛知県	京都府
北竜町	北海道	宮城県
墨田区	東京都	秋田県
牧之原市	静岡県	京都府
睦沢町	千葉県	佐賀県
幌延町	北海道	秋田県
幌加内町	北海道	宮崎県
本宮市	福島県	宮城県
本山町	高知県	熊本県
本庄市	埼玉県	栃木県
本巣市	岐阜県	宮城県
本部町	沖縄県	秋田県
本別町	北海道	秋田県
麻績村	長野県	宮崎県
妹背牛町	北海道	秋田県
枚方市	大阪府	宮城県
幕別町	北海道	秋田県
枕崎市	鹿児島県	宮崎県
箕面市	大阪府	千葉県
箕輪町	長野県	千葉県
岬町	大阪府	福井県
妙高市	新潟県	高知県
牟岐町	徳島県	秋田県
霧島市	鹿児島県	福島県
名寄市	北海道	京都府
名古屋市	愛知県	京都府
名古屋市港区	愛知県	京都府
名古屋市守山区	愛知県	和歌山県
名古屋市昭和区	愛知県	京都府
名古屋市瑞穂区	愛知県	京都府
名古屋市西区	愛知県	京都府
名古屋市千種区	愛知県	千葉県
名古屋市中区	愛知県	京都府
名古屋市中川区	愛知県	京都府
名古屋市中村区	愛知県	京都府
名古屋市天白区	愛知県	京都府
名古屋市東区	愛知県	東京都
名古屋市南区	愛知県	京都府
名古屋市熱田区	愛知県	東京都
名古屋市北区	愛知県	京都府
名古屋市名東区	愛知県	京都府
名古屋市緑区	愛知県	京都府
名護市	沖縄県	宮城県
名取市	宮城県	京都府
名張市	三重県	東京都
明石市	兵庫県	京都府
明日香村	奈良県	秋田県
明和町	群馬県	秋田県
明和町	三重県	千葉県
鳴沢村	山梨県	秋田県
鳴門市	徳島県	東京都
茂原市	千葉県	大阪府
茂木町	栃木県	秋田県
毛呂山町	埼玉県	千葉県
網走市	北海道	東京都
木古内町	北海道	秋田県
木更津市	千葉県	新潟県
木城町	宮崎県	秋田県
木曽町	長野県	香川県
木曽岬町	三重県	香川県
木祖村	長野県	栃木県
木津川市	京都府	神奈川県
木島平村	長野県	秋田県
目黒区	東京都	宮崎県
紋別市	北海道	千葉県
門真市	大阪府	宮城県
門川町	宮崎県	千葉県
野洲市	滋賀県	秋田県
野沢温泉村	長野県	秋田県
野田市	千葉県	秋田県
野田村	岩手県	秋田県
野迫川村	奈良県	香川県
野辺地町	青森県	秋田県
野木町	栃木県	秋田県
野々市市	石川県	長野県
弥彦村	新潟県	秋田県
弥富市	愛知県	岐阜県
矢掛町	岡山県	鳥取県
矢巾町	岩手県	秋田県
矢祭町	福島県	秋田県
矢吹町	福島県	秋田県
矢板市	栃木県	新潟県
柳井市	山口県	京都府
柳川市	福岡県	宮城県
柳津町	福島県	秋田県
揖斐川町	岐阜県	神奈川県
有田市	和歌山県	秋田県
有田川町	和歌山県	秋田県
有田町	佐賀県	秋田県
湧水町	鹿児島県	秋田県
湧別町	北海道	秋田県
涌谷町	宮城県	秋田県
由仁町	北海道	秋田県
由布市	大分県	東京都
由利本荘市	秋田県	東京都
由良町	和歌山県	秋田県
遊佐町	山形県	宮城県
邑楽町	群馬県	東京都
邑南町	島根県	千葉県
雄武町	北海道	秋田県
夕張市	北海道	宮城県
余市町	北海道	千葉県
与謝野町	京都府	秋田県
与那原町	沖縄県	秋田県
与那国町	沖縄県	福井県
与論町	鹿児島県	宮城県
様似町	北海道	秋田県
洋野町	岩手県	秋田県
葉山町	神奈川県	千葉県
養父市	兵庫県	京都府
養老町	岐阜県	秋田県
羅臼町	北海道	宮崎県
嵐山町	埼玉県	秋田県
藍住町	徳島県	秋田県
蘭越町	北海道	秋田県
利根町	茨城県	秋田県
利尻町	北海道	秋田県
利尻富士町	北海道	富山県
利島村	東京都	宮崎県
利府町	宮城県	岐阜県
里庄町	岡山県	秋田県
陸前高田市	岩手県	高知県
陸別町	北海道	秋田県
立科町	長野県	秋田県
立山町	富山県	秋田県
立川市	東京都	宮城県
流山市	千葉県	山梨県
留寿都村	北海道	長野県
留別村	北海道	秋田県
留萌市	北海道	新潟県
留夜別村	北海道	秋田県
竜王町	滋賀県	秋田県
龍ケ崎市	茨城県	宮崎県
龍郷町	鹿児島県	秋田県
輪島市	石川県	鹿児島県
輪之内町	岐阜県	秋田県
礼文町	北海道	秋田県
苓北町	熊本県	京都府
鈴鹿市	三重県	新潟県
練馬区	東京都	宮崎県
蓮田市	埼玉県	東京都
浪江町	福島県	岡山県
六ヶ所村	青森県	秋田県
六戸町	青森県	秋田県
和歌山市	和歌山県	富山県
和寒町	北海道	秋田県
和気町	岡山県	秋田県
和光市	埼玉県	大阪府
和水町	熊本県	秋田県
和泉市	大阪府	京都府
和束町	京都府	秋田県
和泊町	鹿児島県	秋田県
和木町	山口県	秋田県
亘理町	宮城県	秋田県
蕨市	埼玉県	鳥取県
檜原村	東京都	秋田県
檜枝岐村	福島県	秋田県
蘂取村	北海道	鳥取県
諫早市	長崎県	宮城県
鰺ヶ沢町	青森県	佐賀県
