あいの里教育大	北海道
あいの里公園	北海道
相内	北海道
愛別	北海道
青葉	北海道
赤井川	北海道
赤平	北海道
旭川	北海道
旭川四条	北海道
朝里	北海道
芦別	北海道
厚岸	北海道
厚床	北海道
厚内	北海道
厚別	北海道
姉別	北海道
網走	北海道
安平	北海道
安足間	北海道
伊香牛	北海道
生田原	北海道
池田	北海道
石狩沼田	北海道
石倉	北海道
磯分内	北海道
糸井	北海道
愛し野	北海道
稲積公園	北海道
稲穂	北海道
岩見沢	北海道
植苗	北海道
有珠	北海道
浦幌	北海道
恵庭	北海道
江部乙	北海道
江別	北海道
遠軽	北海道
追分	北海道	秋田県
大麻	北海道
大岸	北海道
大中山	北海道
大沼	北海道
大沼公園	北海道
奥津軽いまべつ	青森県
筬島	北海道
長都	北海道
納内	北海道
渡島砂原	北海道
渡島沼尻	北海道
長万部	北海道
尾白内	北海道
大楽毛	北海道
小樽	北海道
小樽築港	北海道
落石	北海道
音威子府	北海道
落部	北海道
帯広	北海道
尾幌	北海道
音別	北海道
掛澗	北海道
学田	北海道
神楽岡	北海道
桂台	北海道
兜沼	北海道
上芦別	北海道
上尾幌	北海道
上川	北海道
上野幌	北海道
上富良野	北海道
上幌向	北海道
茅沼	北海道
川端	北海道
川湯温泉	北海道
桔梗	北海道
木古内	北海道
北一已	北海道
北秩父別	北海道
北永山	北海道
北浜	北海道
北美瑛	北海道
北広島	北海道
北舟岡	北海道
北見	北海道
北吉原	北海道
清里町	北海道
銀山	北海道
釧路	北海道
釧路湿原	北海道
倶知安	北海道
栗丘	北海道
栗沢	北海道
栗山	北海道
黒岩	北海道
黒松内	北海道
国縫	北海道
原生花園(臨)	北海道
剣淵	北海道
光珠内	北海道
黄金	北海道
小沢	北海道
虎杖浜	北海道
琴似	北海道
小幌	北海道
駒ヶ岳	北海道
五稜郭	北海道
昆布	北海道
昆布盛	北海道
崎守	北海道
佐久	北海道
桜岡	北海道
咲来	北海道
札弦	北海道
札内	北海道
札幌	北海道
サッポロビール庭園	北海道
塩狩	北海道
塩谷	北海道
鹿討	北海道
鹿部	北海道
然別	北海道
静狩	北海道
篠路	北海道
志文	北海道
標茶	北海道
士別	北海道
島松	北海道
占冠	北海道
下沼	北海道
社台	北海道
庶路	北海道
白老	北海道
白滝	北海道
白糠	北海道
知床斜里	北海道
白石	北海道	宮城県	熊本県
新青森	青森県	青森県
新旭川	北海道
新大楽毛	北海道
新川	北海道
新琴似	北海道
新札幌	北海道
新千歳空港	北海道
新得	北海道
新函館北斗	北海道
新富士	北海道	静岡県
新夕張	北海道
新吉野	北海道
森林公園	北海道
砂川	北海道
瀬戸瀬	北海道
銭函	北海道
桑園	北海道
大成	北海道
太平	北海道
高砂	北海道
滝川	北海道
拓北	北海道
竹浦	北海道
伊達紋別	北海道
多寄	北海道
端野	北海道
智恵文	北海道
近文	北海道
秩父別	北海道
千歳	北海道	千葉県
智北	北海道
茶志内	北海道
茶内	北海道
千代ヶ岡	北海道
手稲	北海道
天塩川温泉	北海道
天塩中川	北海道
遠浅	北海道
問寒別	北海道
当別	北海道
当麻	北海道
洞爺	北海道
塘路	北海道
十弗	北海道
遠矢	北海道
十勝清水	北海道
利別	北海道
苫小牧	北海道
トマム	北海道
富浦	北海道	千葉県
豊浦	北海道
豊頃	北海道
豊富	北海道
豊沼	北海道
豊幌	北海道
奈井江	北海道
苗穂	北海道
中愛別	北海道
中小国	青森県	青森県
中斜里	北海道
中富良野	北海道
永山	北海道
長和	北海道
七飯	北海道
名寄	北海道
名寄高校	北海道
仁木	北海道
西帯広	北海道
西神楽	北海道
錦岡	北海道
西北見	北海道
西御料	北海道
西庶路	北海道
西聖和	北海道
西中	北海道
西瑞穂	北海道
西女満別	北海道
西留辺蘂	北海道
西和田	北海道
ニセコ	北海道
日進	北海道	埼玉県
仁山	北海道
糠南	北海道
沼ノ端	北海道
熱郛	北海道
根室	北海道
野花南	北海道
野田生	北海道
野幌	北海道
登別	北海道
萩野	北海道
柏陽	北海道
柏林台	北海道
函館	北海道
八軒	北海道
発寒	北海道
発寒中央	北海道
浜厚真	北海道
浜小清水	北海道
浜中	北海道
早来	北海道
緋牛内	北海道
美瑛	北海道
東相内	北海道
東旭川	北海道
東釧路	北海道
東室蘭	北海道
東森	北海道
比布	北海道
美唄	北海道
美馬牛	北海道
美深	北海道
美幌	北海道
平岸	北海道
比羅夫	北海道
美留和	北海道
風連	北海道
深川	北海道
二股	北海道
太美	北海道
富良野	北海道
古山	北海道
平和	北海道
別当賀	北海道
別保	北海道
母恋	北海道
星置	北海道
ほしみ	北海道
細岡(臨)	北海道
北海道医療大学	北海道
幌延	北海道
幌別	北海道
幌向	北海道
幕別	北海道
摩周	北海道
鱒浦	北海道
丸瀬布	北海道
稀府	北海道
御影	北海道
三川	北海道	新潟県
御崎	北海道
瑞穂	北海道
緑	北海道
緑が丘	北海道
南小樽	北海道
南千歳	北海道
南永山	北海道
南稚内	北海道
峰延	北海道
武佐	北海道
室蘭	北海道
恵み野	北海道
目名	北海道
女満別	北海道
芽室	北海道
藻琴	北海道
茂尻	北海道
妹背牛	北海道
本輪西	北海道
森	北海道
門静	北海道
八雲	北海道
安国	北海道
山越	北海道
山崎	北海道	京都府
止別	北海道
勇知	北海道
勇払	北海道
由仁	北海道
百合が原	北海道
余市	北海道
呼人	北海道
ラベンダー畑(臨)	北海道
蘭越	北海道
蘭島	北海道
蘭留	北海道
留辺蘂	北海道
礼文	北海道
ロイズタウン	北海道
鷲別	北海道
稚内	北海道
和寒	北海道
輪西	北海道
会津大塩	福島県
会津蒲生	福島県
会津川口	福島県
会津越川	福島県
会津坂本	福島県
会津塩沢	福島県
会津高田	福島県
会津豊川	福島県
会津中川	福島県
会津西方	福島県
会津坂下	福島県
会津桧原	福島県
会津本郷	福島県
会津水沼	福島県
会津宮下	福島県
会津柳津	福島県
会津横田	福島県
会津若松	福島県
相野々	秋田県
相原	東京都
粟生津	新潟県
青笹	岩手県
青沼	長野県
あおば通	宮城県
青堀	千葉県
青森	青森県
青柳	長野県
青山	新潟県
赤井	福島県
赤川	青森県
赤倉温泉	山形県
赤坂田	岩手県
明科	長野県
赤塚	茨城県
赤羽	東京都
赤渕	岩手県
赤湯	山形県
秋川	東京都
昭島	東京都
秋田	秋田県
あきた白神	秋田県
秋葉原	東京都
上尾	埼玉県
安子ケ島	福島県
安積永盛	福島県
阿佐ケ谷	東京都
浅草橋	東京都
浅野	神奈川県
旭	千葉県	高知県
足利	栃木県
あしかがフラワーパーク	栃木県
鰺ケ沢	青森県
足ケ瀬	岩手県
安食	千葉県
芦沢	山形県
足滝	新潟県
網代	静岡県
梓橋	長野県
安曇追分	長野県
安曇沓掛	長野県
愛宕	宮城県
安達	福島県
熱海	静岡県	静岡県
厚木	神奈川県
安比高原	岩手県
あつみ温泉	山形県
左沢	山形県
穴山	山梨県
兄畑	岩手県
姉ケ崎	千葉県
我孫子	千葉県
油川	青森県
余目	山形県
安茂里	長野県
綾織	岩手県
愛子	宮城県
綾瀬	東京都
荒川沖	茨城県
新木	千葉県
荒浜	新潟県
新屋	秋田県
荒屋新町	岩手県
荒谷前	岩手県
有明	長野県
有壁	宮城県
有戸	青森県
有畑	青森県
安房天津	千葉県
安房勝山	千葉県
安房鴨川	千葉県
安房小湊	千葉県
安善	神奈川県
安中	群馬県
安中榛名	群馬県
飯岡	千葉県
飯倉	千葉県
飯田橋	東京都
飯詰	秋田県
飯森	長野県
飯山	長野県
五十島	新潟県
碇ケ関	青森県
井川さくら	秋田県
軍畑	東京都
池月	宮城県
池袋	東京都
伊佐領	山形県
石和温泉	山梨県
石打	新潟県
石岡	茨城県
石神前	東京都
石川	青森県
石川町	神奈川県
石越	宮城県
石地	新潟県
石鳥谷	岩手県
石巻	宮城県
石巻あゆみ野	宮城県
石橋	栃木県
伊豆多賀	静岡県
泉	福島県
泉郷	福島県
泉崎	福島県
泉外旭川	秋田県
泉田	山形県
出雲崎	新潟県
伊勢崎	群馬県
磯子	神奈川県
磯原	茨城県
磯部	群馬県
潮来	茨城県
板橋	東京都
板谷	山形県
板柳	青森県
市ケ谷	東京都
市川	千葉県
市川大野	千葉県
市川塩浜	千葉県
市城	群馬県
一ノ関	岩手県
五日町	新潟県
伊東	静岡県
稲尾	長野県
稲城長沼	東京都
稲毛	千葉県
稲毛海岸	千葉県
稲田	茨城県
稲田堤	神奈川県
稲荷山	長野県
猪苗代	福島県
猪苗代湖畔(臨)	福島県
犬川	山形県
井野	群馬県
茨目	新潟県
今井	長野県
今泉	山形県
今市	栃木県
今川	新潟県
今別	青森県
五十川	山形県
入広瀬	新潟県
入谷	神奈川県
岩井	千葉県
いわき	福島県
磐城浅川	福島県
磐城石井	福島県
磐城石川	福島県
磐城太田	福島県
磐城棚倉	福島県
磐城常葉	福島県
磐城塙	福島県
岩城みなと	秋田県
磐城守山	福島県
岩切	宮城県
岩沢	岩手県
岩島	群馬県
岩宿	群馬県
岩瀬	茨城県
岩館	秋田県
岩原スキー場前	新潟県
岩手飯岡	岩手県
岩手上郷	岩手県
いわて沼宮内	岩手県
岩手二日町	岩手県
岩出山	宮城県
岩沼	宮城県
巌根	千葉県
岩根橋	岩手県
岩ノ下	岩手県
岩舟	栃木県
岩船町	新潟県
岩間	茨城県
岩村田	長野県
岩室	新潟県
岩本	群馬県
院内	秋田県
ウェスパ椿山	青森県
上田	長野県
植田	福島県
上野	東京都
上野原	山梨県
魚沼田中	新潟県
魚沼中条	新潟県
浮間舟渡	東京都
鶯谷	東京都
鶯野	秋田県
有家	岩手県
羽後飯塚	秋田県
羽後岩谷	秋田県
羽後牛島	秋田県
羽後亀田	秋田県
羽後境	秋田県
羽後長野	秋田県
羽後本荘	秋田県
羽後四ツ屋	秋田県
宇佐美	静岡県
氏家	栃木県
牛久	茨城県
牛浜	東京都
後潟	青森県
鵜杉	山形県
臼田	長野県
羽前大山	山形県
羽前金沢	山形県
羽前小松	山形県
羽前前波	山形県
羽前高松	山形県
羽前千歳	山形県
羽前椿	山形県
羽前豊里	山形県
羽前長崎	山形県
羽前中山	山形県
羽前沼沢	山形県
羽前松岡	山形県
羽前水沢	山形県
羽前山辺	山形県
内ケ巻	新潟県
内郷	福島県
内野	新潟県
内野西が丘	新潟県
内原	茨城県
宇都宮	栃木県
祖母島	群馬県
姥堂	福島県
鵜原	千葉県
海芝浦	神奈川県
海尻	長野県
海ノ口	長野県
梅ケ沢	宮城県
浦佐	新潟県
浦宿	宮城県
浦和	埼玉県
瓜連	茨城県
漆山	山形県
江田	福島県
越後赤塚	新潟県
越後石山	新潟県
越後岩沢	新潟県
越後岩塚	新潟県
越後大島	新潟県
越後片貝	新潟県
越後金丸	新潟県
越後川口	新潟県
越後寒川	新潟県
越後鹿渡	新潟県
越後下関	新潟県
越後須原	新潟県
越後曽根	新潟県
越後滝谷	新潟県
越後田沢	新潟県
越後田中	新潟県
越後中里	新潟県
越後早川	新潟県
越後広瀬	新潟県
越後広田	新潟県
越後堀之内	新潟県
越後水沢	新潟県
越後湯沢	新潟県
越中島	東京都
江釣子	岩手県
榎戸	千葉県
恵比寿	東京都
海老名	神奈川県
江見	千葉県
塩山	山梨県
笈川	福島県
置賜	山形県
追良瀬	青森県
扇田	秋田県
扇町	神奈川県
王子	東京都
青海川	新潟県
青梅	東京都
大網	千葉県
大石田	山形県
大磯	神奈川県
大井町	東京都
大形	新潟県
大金	栃木県
大釜	岩手県
大川	神奈川県
大川平	青森県
大河原	宮城県	京都府
大久喜	青森県
大口	神奈川県
大久保	秋田県	東京都	兵庫県
逢隈	宮城県
大越	福島県
大崎	東京都
大沢	山形県	新潟県
大蛇	青森県
大白川	新潟県
大平	青森県
大滝	山形県
大滝温泉	秋田県
大館	秋田県
太田部	長野県
大塚	東京都
大月	山梨県
大津港	茨城県
大戸	千葉県
大戸瀬	青森県
大貫	千葉県
大野	福島県
大原	千葉県
大張野	秋田県
大平下	栃木県
大更	岩手県
大船	神奈川県
大堀	山形県
大前	群馬県
大曲	秋田県
大間越	青森県
大甕	茨城県
大湊	青森県
大宮	埼玉県
大森	東京都
大鰐温泉	青森県
男鹿	秋田県
御徒町	東京都
岡部	埼玉県
岡本	栃木県
岡谷	長野県
小川郷	福島県
小川町	埼玉県
荻川	新潟県
荻窪	東京都
小木津	茨城県
翁島	福島県
荻野	福島県
小木ノ城	新潟県
尾久	東京都
奥多摩	東京都
奥内	青森県
小国	山形県
奥新川	宮城県
桶川	埼玉県
越生	埼玉県
小作	東京都
小塩江	福島県
押切	新潟県
小島谷	新潟県
小高	福島県
小田栄	神奈川県
小田林	茨城県
小田原	神奈川県	神奈川県
小千谷	新潟県
御茶ノ水	東京都
乙女	長野県
女川	宮城県
小野	長野県	滋賀県
小野上	群馬県
小野上温泉	群馬県
小野新町	福島県
尾登	福島県
姨捨	長野県
帯織	新潟県
小櫃	千葉県
小俣	栃木県
小見川	千葉県
思川	栃木県
面白山高原	山形県
小山	栃木県
小山田	岩手県
折壁	岩手県
折原	埼玉県
折渡	秋田県
御宿	千葉県
ガーラ湯沢	新潟県
甲斐大泉	山梨県
甲斐小泉	山梨県
海瀬	長野県
貝田	福島県
海浜幕張	千葉県
甲斐大和	山梨県
偕楽園(臨)	茨城県
替佐	長野県
鏡石	福島県
香川	神奈川県
柿崎	新潟県
角館	秋田県
佳景山	宮城県
籠原	埼玉県
葛西臨海公園	東京都
笠島	新潟県
笠幡	埼玉県
笠間	茨城県
加治	新潟県
鹿島	福島県
鹿島サッカースタジアム	茨城県
鹿島神宮	茨城県
鹿島田	神奈川県
鹿島台	宮城県
柏	千葉県
柏木平	岩手県
柏崎	新潟県
春日居町	山梨県
上総一ノ宮	千葉県
上総興津	千葉県
上総亀山	千葉県
上総清川	千葉県
上総松丘	千葉県
上総湊	千葉県
風合瀬	青森県
片岡	栃木県
片倉	東京都
潟町	新潟県
勝浦	千葉県
勝木	新潟県
勝田	茨城県
勝沼ぶどう郷	山梨県
鹿角花輪	秋田県
鹿妻	宮城県
桂根	秋田県
鹿渡	秋田県
門沢橋	神奈川県
角の浜	岩手県
香取	千葉県
金島	群馬県
金塚	新潟県
金町	東京都
要田	福島県
金谷川	福島県
金谷沢	青森県
蟹田	青森県
鹿沼	栃木県
金ケ崎	岩手県
金子	埼玉県
金浜	青森県
鹿瀬	新潟県
鹿又	宮城県
河辺	東京都
釜石	岩手県
鎌倉	神奈川県
蒲須坂	栃木県
蒲田	東京都
鎌取	千葉県
釜淵	山形県
上有住	岩手県
上飯島	秋田県
上今井	長野県
上小川	茨城県
上桑名川	長野県
上境	長野県
上条	新潟県
神城	長野県
上菅谷	茨城県
上諏訪	長野県
上所	新潟県
上中里	東京都
上野尻	福島県
上野目	宮城県
かみのやま温泉	山形県
上浜	秋田県
上二田	秋田県
上溝	神奈川県
上牧	群馬県
上盛岡	岩手県
神山	新潟県
上湯沢	秋田県
上米内	岩手県
上涌谷	宮城県
冠着	長野県
亀有	東京都
亀戸	東京都
亀田	新潟県
加茂	新潟県	京都府
鴨居	神奈川県
鴨宮	神奈川県
烏山	栃木県
狩川	山形県
刈羽	新潟県
刈和野	秋田県
軽井沢	長野県
河合	茨城県
川井	東京都
川内	岩手県	鹿児島県
川岸	長野県
川口	埼玉県
川桁	福島県
川越	埼玉県
川崎	神奈川県
川崎新町	神奈川県
川島	茨城県
川渡温泉	宮城県
川中島	長野県
川東	福島県
川部	青森県
川辺沖	福島県
川前	福島県
川原湯温泉	群馬県
神田	東京都
神立	茨城県
関内	神奈川県
神俣	福島県
木下	千葉県
祇園	千葉県
喜久田	福島県
菊名	神奈川県
象潟	秋田県
木更津	千葉県
北赤羽	東京都
北上尾	埼玉県
北朝霞	埼玉県
北余目	山形県
北飯山	長野県
北浦	宮城県
北浦和	埼玉県
北大石田	山形県
北大曲	秋田県
北大町	長野県
北柏	千葉県
喜多方	福島県
北金岡	秋田県
北金ケ沢	青森県
北鎌倉	神奈川県
北上	岩手県
北鴻巣	埼玉県
北小金	千葉県
北五泉	新潟県
北三条	新潟県
北条	新潟県
北白川	宮城県
北千住	東京都
北仙台	宮城県
北高崎	群馬県
北茅ケ崎	神奈川県
北常盤	青森県
北戸田	埼玉県
北長岡	新潟県
北中込	長野県
北能代	秋田県
北野辺地	青森県
北八王子	東京都
北藤岡	群馬県
北府中	東京都
北細野	長野県
北堀之内	新潟県
北松戸	千葉県
北松本	長野県
北本	埼玉県
北森	岩手県
北山	宮城県
北山形	山形県
北吉田	新潟県
北与野	埼玉県
吉祥寺	東京都
木造	青森県
木戸	福島県
衣笠	神奈川県
来宮	静岡県
君津	千葉県
京ケ瀬	新潟県
行田	埼玉県
清川	山形県
清里	山梨県
桐原	新潟県
桐生	群馬県
錦糸町	東京都
空港第２ビル	千葉県
久喜	埼玉県
区界	岩手県
草野	福島県	兵庫県
久慈	岩手県
久地	神奈川県
鯨波	新潟県
葛岡	宮城県
久住	千葉県
久田野	福島県
国定	群馬県
国立	東京都
国見	宮城県
熊ケ根	宮城県
熊谷	埼玉県
熊川	東京都
求名	千葉県
倉賀野	群馬県
倉橋	千葉県
倉見	神奈川県
くりこま高原	宮城県
栗橋	埼玉県
久里浜	神奈川県
久留里	千葉県
黒井	新潟県	兵庫県
黒磯	栃木県
黒沢	秋田県
黒田原	栃木県
黒山	新潟県
桑川	新潟県
桑名川	長野県
群馬大津	群馬県
群馬総社	群馬県
群馬原町	群馬県
群馬藤岡	群馬県
群馬八幡	群馬県
猊鼻渓	岩手県
下条	新潟県
気仙沼	宮城県
下馬	宮城県
花原市	岩手県
検見川浜	千葉県
五井	千葉県
鯉川	秋田県
小出	新潟県
小岩	東京都
小岩井	岩手県
小岩川	山形県
高円寺	東京都
郷沢	青森県
国府津	神奈川県	神奈川県
郷戸	福島県
港南台	神奈川県
鴻巣	埼玉県
鴻野山	栃木県
郷原	群馬県
甲府	山梨県	山梨県
好摩	岩手県
小海	長野県
桑折	福島県
郡山	福島県	奈良県
郡山富田	福島県
古河	茨城県
小金井	栃木県
後閑	群馬県
国道	神奈川県
国府多賀城	宮城県
国分寺	東京都
小牛田	宮城県
九重	千葉県
小砂川	秋田県
小佐野	岩手県
後三年	秋田県
越谷レイクタウン	埼玉県
越水	青森県
五所川原	青森県
越河	宮城県
五泉	新潟県
後台	茨城県
児玉	埼玉県
五反田	東京都
小机	神奈川県
小鶴新田	宮城県
小中野	青森県
小梨	岩手県
金浦	秋田県
小波渡	山形県
小塙	栃木県
小林	千葉県	宮崎県
小針	新潟県
五百川	福島県
古淵	神奈川県
小淵沢	山梨県
湖北	千葉県
駒形	群馬県
駒ケ嶺	福島県
高麗川	埼玉県
駒込	東京都
小松川	秋田県
小宮	東京都
小諸	長野県
小屋の畑	岩手県
古里	東京都
犀潟	新潟県
西金	茨城県
さいたま新都心	埼玉県
蔵王	山形県
堺田	山形県
寒河江	山形県
酒折	山梨県
坂北	長野県
酒田	山形県
坂町	新潟県
相模湖	神奈川県
相模原	神奈川県
坂元	宮城県
咲花	新潟県
佐久海ノ口	長野県
佐久平	長野県
作並	宮城県
佐久広瀬	長野県
佐倉	千葉県
桜木町	神奈川県
さくらんぼ東根	山形県
砂越	山形県
笹川	千葉県
佐々木	新潟県
笹木野	福島県
笹子	山梨県
指扇	埼玉県
刺巻	秋田県
さつき野	新潟県
里白石	福島県
佐貫町	千葉県
佐野	栃木県
寒川	神奈川県
侍浜	岩手県
鮫	青森県
猿田	千葉県
猿橋	山梨県
猿和田	新潟県
佐和	茨城県
沢井	東京都
沢尻	秋田県
沢田	宮城県
沢目	秋田県
佐原	千葉県
三条	新潟県
三瀬	山形県
椎柴	千葉県
Jヴィレッジ	福島県
塩釜	宮城県
塩川	福島県
塩崎	山梨県
塩沢	新潟県
塩尻	長野県	長野県
四方津	山梨県
潮見	東京都
敷島	群馬県
宍戸	茨城県
静	茨城県
酒々井	千葉県
雫石	岩手県
自治医大	栃木県
七戸十和田	青森県
尻手	神奈川県
品井沼	宮城県
品川	東京都	東京都
信濃浅野	長野県
信濃大町	長野県
信濃川上	長野県
信濃川島	長野県
信濃木崎	長野県
信濃境	長野県
信濃白鳥	長野県
信濃平	長野県
信濃常盤	長野県
信濃町	東京都
信濃松川	長野県
信濃森上	長野県
篠ノ井	長野県
柴宿	岩手県
新発田	新潟県
柴橋	山形県
柴平	秋田県
渋川	群馬県
渋谷	東京都
島内	長野県
島高松	長野県
清水原	岩手県
下総神崎	千葉県
下総橘	千葉県
下総豊里	千葉県
下総中山	千葉県
下総松崎	千葉県
下小川	茨城県
下川沿	秋田県
下北	青森県
下郡	千葉県
下菅谷	茨城県
下諏訪	長野県
下館	茨城県
下野大沢	栃木県
下野花岡	栃木県
下野宮	茨城県
下浜	秋田県
下溝	神奈川県
下湯沢	秋田県
社家	神奈川県
十王	茨城県
十条	東京都
十二橋	千葉県
十二湖	青森県
十二所	秋田県
十文字	秋田県
宿河原	神奈川県
宿戸	岩手県
上越国際スキー場前	新潟県
上越妙高	新潟県	新潟県
上下浜	新潟県
上戸	福島県
生田	秋田県
上毛高原	群馬県
昭和	神奈川県
白岡	埼玉県
白神岳登山口	青森県
白河	福島県
白坂	福島県
白沢	秋田県	鹿児島県
白石蔵王	宮城県
白銀	青森県
白丸	東京都
紫波中央	岩手県
新秋津	東京都
新浦安	千葉県
新大久保	東京都
新川崎	神奈川県
新木場	東京都
神宮寺	秋田県
新検見川	千葉県
新小岩	東京都
新小平	東京都
新子安	神奈川県
新芝浦	神奈川県
新宿	東京都
新庄	山形県
新白岡	埼玉県
新白河	福島県
新杉田	神奈川県
新関	新潟県
神代	秋田県	山口県
新地	福島県
新習志野	千葉県
新日本橋	東京都
陣場	秋田県
新橋	東京都
新花巻	岩手県
新府	山梨県
神保原	埼玉県
新前橋	群馬県
新町	群馬県
神町	山形県
新松戸	千葉県
新三郷	埼玉県
新茂原	千葉県
新八柱	千葉県
新横浜	神奈川県	神奈川県
新利府	宮城県
水郷	千葉県
水道橋	東京都
水原	新潟県
末続	福島県
末広	秋田県
須賀川	福島県
巣鴨	東京都
菅谷	福島県
杉田	福島県
逗子	神奈川県
雀宮	栃木県
すずらんの里	長野県
摺沢	岩手県
関都	福島県
関根	山形県
関屋	新潟県
瀬辺地	青森県
瀬見温泉	山形県
瀬峰	宮城県
千畳敷	青森県
仙台	宮城県
千駄ケ谷	東京都
千徳	岩手県
仙北町	岩手県
千厩	岩手県
相武台下	神奈川県
相馬	福島県
蘇我	千葉県
袖ケ浦	千葉県
袖崎	山形県
曽波神	宮城県
醍醐	秋田県
太子堂	宮城県
大釈迦	青森県
太東	千葉県
平館	岩手県
田浦	神奈川県
高岩	長野県
高尾	東京都
高城町	宮城県
高久	栃木県
高崎	群馬県
高崎問屋町	群馬県
多賀城	宮城県
高瀬	山形県	香川県
高田馬場	東京都
高擶	山形県
高輪ゲートウェイ	東京都
鷹ノ巣	秋田県
高萩	茨城県
高畠	山形県
高浜	茨城県
田上	新潟県
高屋	山形県
滝	栃木県	兵庫県
滝ノ間	秋田県
滝谷	福島県
竹岡	千葉県
竹沢	埼玉県
田沢	長野県
田沢湖	秋田県
田尻	宮城県
只見	福島県
立川	東京都
立小路	山形県
龍岡城	長野県
竜田	福島県
辰野	長野県	長野県
伊達	福島県
立ケ花	長野県
立川目	岩手県
館腰	宮城県
館山	千葉県
楯山	山形県
種市	岩手県
種差海岸	青森県
田端	東京都
玉川	岩手県
玉川村	茨城県
田町	東京都
玉戸	茨城県
田山	岩手県
俵田	千葉県
丹荘	埼玉県
近川	青森県
茅ケ崎	神奈川県
近津	福島県
千国	長野県
千倉	千葉県
茅野	長野県
千葉	千葉県
千葉みなと	千葉県
中郡	山形県
銚子	千葉県
長者町	千葉県
都賀	千葉県
塚目	宮城県
塚山	新潟県
津軽新城	青森県
津軽浜名	青森県
津軽二股	青森県
津軽宮田	青森県
津軽湯の沢	青森県
津川	新潟県
月岡	新潟県
槻木	宮城県
津久田	群馬県
辻堂	神奈川県
津田沼	千葉県
津田山	神奈川県
土浦	茨城県
土崎	秋田県
土沢	岩手県
土樽	新潟県
榴ケ岡	宮城県
津南	新潟県
燕	新潟県
燕三条	新潟県
津谷	山形県
鶴岡	山形県
鶴ケ坂	青森県
鶴形	秋田県
鶴田	栃木県
鶴泊	青森県
鶴見	神奈川県
鶴見小野	神奈川県
手樽	宮城県
出戸浜	秋田県
手ノ子	山形県
寺尾	新潟県
寺泊	新潟県
天童	山形県
天童南	山形県
天王	秋田県
天王台	千葉県
土合	群馬県
土市	新潟県
東海	茨城県
東金	千葉県
東京	東京都	東京都
峠	山形県
東光寺	新潟県
堂島	福島県
東照宮	宮城県
洞泉	岩手県
塔寺	福島県
東名	宮城県
東北福祉大前	宮城県
十日市場	神奈川県
十日町	新潟県
遠野	岩手県
戸狩野沢温泉	長野県
徳沢	福島県
土気	千葉県
土底浜	新潟県
戸田	埼玉県	山口県
戸田公園	埼玉県
栃木	栃木県
戸塚	神奈川県
驫木	青森県
土深井	秋田県
富岡	福島県
富田	栃木県	三重県
富根	秋田県
友部	茨城県
豊栄	新潟県
豊科	長野県
豊田	東京都
豊野	長野県
豊原	栃木県
豊実	新潟県
東浪見	千葉県
鳥形	秋田県
鳥沢	山梨県
取手	茨城県
土呂	埼玉県
十和田南	秋田県
撫牛子	青森県
直江津	新潟県
中浦	新潟県
長浦	千葉県
中浦和	埼玉県
長岡	新潟県
中神	東京都
中萱	長野県
中川	山形県
中込	長野県
長坂	山梨県
中佐都	長野県
中沢	青森県
長沢	山形県
中条	新潟県
中菅谷	茨城県
中田	青森県	徳島県
永田	千葉県
長津田	神奈川県
中豊	福島県
長鳥	新潟県
長苗代	青森県
中野	東京都
長野	長野県
中野栄	宮城県
中野島	神奈川県
中之条	群馬県
長野原草津口	群馬県
中舟生	茨城県
長町	宮城県
長峰	青森県
中山	神奈川県
中山宿	福島県
中山平温泉	宮城県
勿来	福島県
那古船形	千葉県
那須塩原	栃木県
夏井	福島県
名取	宮城県
七日町	福島県
浪江	福島県
浪岡	青森県
浪花	千葉県
滑河	千葉県
行川アイランド	千葉県
滑津	長野県
成田	千葉県
成田空港	千葉県
鳴子温泉	宮城県
鳴子御殿湯	宮城県
鳴沢	青森県
成島	山形県
成瀬	東京都
成東	千葉県
新潟	新潟県
新潟大学前	新潟県
新座	埼玉県
新崎	新潟県
仁井田	栃木県	高知県
新津	新潟県
新月	岩手県
新鶴	福島県
新治	茨城県
苦竹	宮城県
仁賀保	秋田県
西浦和	埼玉県
西大井	東京都
西大崎	宮城県
西大滝	長野県
西大宮	埼玉県
西荻窪	東京都
西川口	埼玉県
西川越	埼玉県
西国立	東京都
西国分寺	東京都
西寒河江	山形県
西塩釜	宮城県
西新発田	新潟県
西条	長野県	広島県
西立川	東京都
西千葉	千葉県
西燕	新潟県
西中通	新潟県
西那須野	栃木県
西日暮里	東京都
西八王子	東京都
西府	東京都
西袋	山形県
西船橋	千葉県
西古川	宮城県
西松井田	群馬県
西目	秋田県
西山	新潟県
西米沢	山形県
西若松	福島県
似内	岩手県
日光	栃木県
新田	宮城県	京都府
日立木	福島県
日暮里	東京都
二戸	岩手県
二宮	神奈川県
二本松	福島県
韮崎	山梨県
庭坂	福島県
糠沢	秋田県
額田	茨城県
沼田	群馬県
根岸	神奈川県	福島県
鼠ケ関	山形県
根府川	神奈川県
野上原	茨城県
野木	栃木県
野木沢	福島県
野崎	栃木県	大阪府
野沢	福島県
能代	秋田県
及位	山形県
のの岳	宮城県
野蒜	宮城県
延方	茨城県
野辺地	青森県
野辺山	長野県
登戸	神奈川県
拝島	東京都
萩生	山形県
白山	新潟県
白馬	長野県
白馬大池	長野県
柏矢町	長野県
羽黒	茨城県
羽黒下	長野県
馬喰町	東京都
箱石	岩手県
箱根ケ崎	東京都
羽沢横浜国大	神奈川県
階上	青森県
橋本	神奈川県	和歌山県
蓮田	埼玉県
羽立	秋田県
八王子	東京都
八王子みなみ野	東京都
蓮	長野県
八戸	青森県
八幡平	秋田県
八森	秋田県
八郎潟	秋田県
初狩	山梨県
八丁畷	神奈川県
八丁堀	東京都
鳩ノ巣	東京都
羽鳥	茨城県
花泉	岩手県
花巻	岩手県
花巻空港	岩手県
羽生田	新潟県
羽根尾	群馬県
浜金谷	千葉県
浜川崎	神奈川県
浜野	千葉県
浜松町	東京都
浜吉田	宮城県
羽村	東京都
早川	神奈川県
早口	秋田県
林崎	青森県
早戸	福島県
早通	新潟県
原宿	東京都
腹帯	岩手県
原当麻	神奈川県
原ノ町	福島県
春木場	岩手県
晴山	岩手県
番田	神奈川県
磐梯熱海	福島県
磐梯町	福島県
東秋留	東京都
東我孫子	千葉県
東浦和	埼玉県
東青梅	東京都
東大崎	宮城県
東大館	秋田県
東大更	岩手県
東大宮	埼玉県
東柏崎	新潟県
東金井	山形県
東神奈川	神奈川県
東川口	埼玉県
東清川	千葉県
東下条	新潟県
東小金井	東京都
東小諸	長野県
東酒田	山形県
東三条	新潟県
東塩釜	宮城県
東十条	東京都
東白石	宮城県
東逗子	神奈川県
東仙台	宮城県
東館	福島県
東千葉	千葉県
東所沢	埼玉県
東戸塚	神奈川県
東中神	東京都
東長沢	山形県
東中野	東京都
東長原	福島県
東新潟	新潟県
東新津	新潟県
東根	山形県
東能代	秋田県
東八森	秋田県
東飯能	埼玉県
東福島	福島県
東福生	東京都
東船橋	千葉県
東松戸	千葉県
東山梨	山梨県
東矢本	宮城県
東結城	茨城県
東横田	千葉県
東鷲宮	埼玉県
干潟	千葉県
蟇目	岩手県
久ノ浜	福島県
聖高原	長野県
日立	茨城県
常陸青柳	茨城県
常陸太田	茨城県
常陸大宮	茨城県
常陸鴻巣	茨城県
常陸大子	茨城県
常陸多賀	茨城県
常陸津田	茨城県
ひたち野うしく	茨城県
左堰	青森県
日詰	岩手県
日出谷	新潟県
一日市場	長野県
日向和田	東京都
日野	東京都
日野春	山梨県
日向	千葉県
平井	東京都
平泉	岩手県
平木田	新潟県
平倉	岩手県
平田	長野県
平滝	長野県
平塚	神奈川県
平内	岩手県
平林	新潟県
平間	神奈川県
平山	千葉県
広丘	長野県
弘前	青森県
広田	福島県
広戸	青森県
広野	福島県	兵庫県
日和田	福島県
深浦	青森県
深谷	埼玉県
吹上	埼玉県
福島	福島県	大阪府
福田町	宮城県
福俵	千葉県
福原	茨城県
吹浦	山形県
袋倉	群馬県
袋田	茨城県
布佐	千葉県
藤崎	青森県
藤沢	神奈川県
藤島	山形県
藤代	茨城県
藤田	福島県
藤根	岩手県
藤野	神奈川県
富士見	長野県
二田	秋田県
二ツ井	秋田県
双葉	福島県
二俣尾	東京都
二俣新町	千葉県
淵野辺	神奈川県
府中本町	東京都
吹越	青森県
福生	東京都
太海	千葉県
船岡	宮城県	京都府
舟形	山形県
船越	秋田県
船橋	千葉県
船橋法典	千葉県
船引	福島県
分倍河原	東京都
文挟	栃木県
府屋	新潟県
古川	宮城県
古口	山形県
古館	岩手県
古津	新潟県
分水	新潟県
艫作	青森県
蛇田	宮城県
弁天橋	神奈川県
宝積寺	栃木県
細野	長野県
保田	千葉県
穂高	長野県
ほっとゆだ	岩手県
保土ケ谷	神奈川県
保内	新潟県
本郷台	神奈川県
本塩釜	宮城県
本庄	埼玉県
本庄早稲田	埼玉県
誉田	千葉県
本千葉	千葉県
本名	福島県
本納	千葉県
本八戸	青森県
舞浜	千葉県
前潟	岩手県
前川	新潟県
前沢	岩手県
前橋	群馬県
前橋大島	群馬県
前谷地	宮城県
前山	秋田県
馬下	新潟県
巻	新潟県
馬来田	千葉県
幕張	千葉県
幕張豊砂	千葉県
幕張本郷	千葉県
間島	新潟県
升形	山形県
鱒沢	岩手県
真滝	岩手県
町田	東京都
松井田	群馬県
松尾	千葉県
松尾八幡平	岩手県
松神	青森県
松川	福島県
松岸	千葉県
松草	岩手県
松倉	岩手県
松島	宮城県
松島海岸	宮城県
松戸	千葉県
松原湖	長野県
松久	埼玉県
松本	長野県
松山町	宮城県
的場	埼玉県
馬流	長野県
真鶴	神奈川県
馬橋	千葉県
間々田	栃木県
真室川	山形県
万石浦	宮城県
万座・鹿沢口	群馬県
三門	千葉県
三河島	東京都
三郷	埼玉県	奈良県
美里	長野県
水沢	岩手県
水沢江刺	岩手県
三鷹	東京都
御嶽	東京都
御岳堂	宮城県
乱川	山形県
道川	秋田県
三岡	長野県
見附	新潟県
三関	秋田県
水戸	茨城県
みどり湖	長野県
水上	群馬県
南石井	福島県
南浦和	埼玉県
南大町	長野県
南小谷	長野県	長野県
南柏	千葉県
南神城	長野県
南越谷	埼玉県
南酒出	茨城県
南寒河江	山形県
南酒々井	千葉県
南新庄	山形県
南千住	東京都
南仙台	宮城県
南多摩	東京都
南鳥海	山形県
南出羽	山形県
南豊科	長野県
南中郷	茨城県
南流山	千葉県
南野	山形県
南橋本	神奈川県
南三原	千葉県
南福島	福島県
南船橋	千葉県
南古谷	埼玉県
南松本	長野県
南吉田	新潟県
南米沢	山形県
南与野	埼玉県
峰吉川	秋田県
三春	福島県
宮内	新潟県
宮城野原	宮城県
宮古	岩手県
宮ノ平	東京都
宮原	埼玉県
宮守	岩手県
宮山	神奈川県
明覚	埼玉県
妙法寺	新潟県
三厩	青森県
六日町	新潟県
向河原	神奈川県
向能代	秋田県
武蔵五日市	東京都
武蔵浦和	埼玉県
武蔵小金井	東京都
武蔵小杉	神奈川県
武蔵境	東京都
武蔵白石	神奈川県
武蔵新城	神奈川県
武蔵高萩	埼玉県
武蔵中原	神奈川県
武蔵引田	東京都
武蔵増戸	東京都
武蔵溝ノ口	神奈川県
陸奥赤石	青森県
陸奥岩崎	青森県
陸奥沢辺	青森県
陸奥白浜	青森県
陸奥鶴田	青森県
陸奥湊	青森県
陸奥森田	青森県
陸奥柳田	青森県
陸奥横浜	青森県
村井	長野県
村上	新潟県
村崎野	岩手県
村山	山形県
女鹿	山形県
目黒	東京都
目白	東京都
茂市	岩手県
舞木	福島県
最上	山形県
茂吉記念館前	山形県
本楯	山形県
本宮	福島県
本八幡	千葉県
物井	千葉県
茂原	千葉県
桃内	福島県
盛岡	岩手県
森岳	秋田県
森宮野原	長野県
毛呂	埼玉県
矢板	栃木県
八色	新潟県
矢川	東京都
谷河原	茨城県
八木原	群馬県
矢倉	群馬県
矢向	神奈川県
矢越	岩手県
矢代田	新潟県
安田	新潟県
谷田川	福島県
八千穂	長野県
八街	千葉県
八積	千葉県
柳津	宮城県
梁川	山梨県
柳田	秋田県
柳原	岩手県	愛媛県
簗場	長野県
矢野口	東京都
矢作	新潟県
矢幅	岩手県
弥彦	新潟県
藪神	新潟県
矢吹	福島県
矢部	神奈川県
谷保	東京都
山形	山形県
山方宿	茨城県
山岸	岩手県
山下	宮城県
矢祭山	福島県
山手	神奈川県
山寺	山形県
山都	福島県
大和	茨城県
山梨市	山梨県
山ノ目	岩手県
山前	栃木県
矢本	宮城県
鑓見内	秋田県
八幡宿	千葉県
結城	茨城県
有備館	宮城県
有楽町	東京都
湯河原	神奈川県
遊佐	山形県
湯沢	秋田県
油島	岩手県
湯瀬温泉	秋田県
ゆだ錦秋湖	岩手県
ゆだ高原	岩手県
湯檜曽	群馬県
湯本	福島県
八日市場	千葉県
洋光台	神奈川県
用土	埼玉県
横磯	青森県
横川	群馬県	広島県
横川目	岩手県
横倉	長野県
横芝	千葉県
横須賀	神奈川県
横田	千葉県
横手	秋田県
横浜	神奈川県
横堀	秋田県
横間	岩手県
吉川	埼玉県
吉川美南	埼玉県
吉田	新潟県
四街道	千葉県
四ツ倉	福島県
四ツ小屋	秋田県
四ツ谷	東京都
米沢	山形県
米山	新潟県
与野	埼玉県
与野本町	埼玉県
夜ノ森	福島県
蓬田	青森県
代々木	東京都
寄居	埼玉県
来迎寺	新潟県
礼拝	新潟県
陸前赤井	宮城県
陸前稲井	宮城県
陸前大塚	宮城県
陸前落合	宮城県
陸前小野	宮城県
陸前山王	宮城県
陸前白沢	宮城県
陸前高砂	宮城県
陸前富山	宮城県
陸前豊里	宮城県
陸前浜田	宮城県
陸前原ノ町	宮城県
陸前谷地	宮城県
陸前山下	宮城県
陸中大里	秋田県
陸中大橋	岩手県
陸中折居	岩手県
陸中川井	岩手県
陸中門崎	岩手県
陸中中野	岩手県
陸中夏井	岩手県
陸中松川	岩手県
陸中八木	岩手県
利府	宮城県
竜王	山梨県
龍ケ崎市	茨城県
両国	東京都
六原	岩手県
和賀仙人	岩手県
若宮	福島県
脇本	秋田県
涌谷	宮城県
和田	秋田県
和田浦	千葉県
渡波	宮城県
亘理	宮城県
和渕	宮城県
蕨	埼玉県
相賀	三重県
愛知御津	愛知県
相月	静岡県
逢妻	愛知県
愛野	静岡県
相見	愛知県
赤木	長野県
上松	長野県
阿漕	三重県
朝日	三重県
足柄	静岡県
芦川	山梨県
阿曽	三重県
新鹿	三重県
阿田和	三重県
熱田	愛知県
安倍川	静岡県
新居町	静岡県
荒尾	岐阜県	熊本県
有井	三重県
安城	愛知県
飯島	長野県
飯田	長野県
家城	三重県
池場	愛知県
石浜	愛知県
一身田	三重県
五十鈴ケ丘	三重県
出馬	静岡県
伊勢大井	三重県
伊勢奥津	三重県
伊勢柏崎	三重県
伊勢鎌倉	三重県
伊勢川口	三重県
井関	三重県
伊勢市	三重県
伊勢竹原	三重県
伊勢八太	三重県
伊勢八知	三重県
井田川	三重県
市川大門	山梨県
市川本町	山梨県
一志	三重県
市田	長野県
市ノ瀬	山梨県
井出	山梨県
伊那大島	長野県
伊那上郷	長野県
伊那北	長野県
稲子	静岡県
伊那小沢	長野県
稲沢	愛知県
伊那市	長野県
伊那新町	長野県
伊那田島	長野県
伊那福岡	長野県
伊那本郷	長野県
伊那松島	長野県
伊那八幡	長野県
猪谷	富山県	富山県
入山瀬	静岡県
磐田	静岡県
岩波	静岡県
鶯巣	長野県
牛久保	愛知県
内船	山梨県
打保	岐阜県
鵜殿	三重県
鵜沼	岐阜県
梅ケ谷	三重県
浦川	静岡県
永和	愛知県
江島	愛知県
恵那	岐阜県
相可	三重県
近江長岡	滋賀県
大内山	三重県
大岡	静岡県
大垣	岐阜県
大桑	長野県
大曽根	愛知県
大曽根浦	三重県
大嵐	静岡県
大高	愛知県
大田切	長野県
大泊	三重県
大府	愛知県
大海	愛知県
岡崎	愛知県
緒川	愛知県
興津	静岡県
落合川	岐阜県
落居	山梨県
乙川	愛知県
尾頭橋	愛知県
尾鷲	三重県
尾張一宮	愛知県
尾張森岡	愛知県
甲斐岩間	山梨県
甲斐上野	山梨県
甲斐大島	山梨県
甲斐住吉	山梨県
甲斐常葉	山梨県
各務ケ原	岐阜県
柿平	愛知県
掛川	静岡県
笠寺	愛知県
加佐登	三重県
鰍沢口	山梨県
柏原	滋賀県	兵庫県	大阪府
春日井	愛知県
賀田	三重県
片浜	静岡県
勝川	愛知県
門島	長野県
鼎	長野県
金谷	静岡県
金山	愛知県
可児	岐阜県
蟹江	愛知県
金手	山梨県
蒲郡	愛知県
釜戸	岐阜県
上麻生	岐阜県
上市場	静岡県
上大井	神奈川県
上片桐	長野県
上ノ庄	三重県
亀崎	愛知県
亀山	三重県	三重県
唐笠	長野県
刈谷	愛知県
川路	長野県
川添	三重県
河曲	三重県
河原田	三重県
函南	静岡県
蒲原	静岡県
紀伊井田	三重県
紀伊市木	三重県
紀伊長島	三重県
菊川	静岡県
木曽川	愛知県
木曽平沢	長野県
木曽福島	長野県
北殿	長野県
木ノ下	長野県
岐阜	岐阜県
岐阜羽島	岐阜県
京都	京都府	京都府
共和	愛知県
清洲	愛知県
切石	長野県
金野	長野県
九鬼	三重県
久々野	岐阜県
草薙	静岡県
久那土	山梨県
熊野市	三重県
倉本	長野県
桑名	三重県
毛賀	長野県
下呂	岐阜県
源道寺	静岡県
小井川	山梨県
小泉	岐阜県
神志山	三重県
高蔵寺	愛知県
幸田	愛知県
国母	山梨県
古虎渓	岐阜県
小坂井	愛知県
御殿場	静岡県
古井	岐阜県
駒ケ根	長野県
小町屋	長野県
小和田	静岡県
権現前	三重県
坂上	岐阜県
坂下	岐阜県
坂祝	岐阜県
相模金子	神奈川県
佐久間	静岡県
桜町	長野県
佐奈	三重県
醒ケ井	滋賀県
沢	長野県
沢渡	長野県
三ケ根	愛知県
塩之沢	山梨県
静岡	静岡県
為栗	長野県
芝川	静岡県
島田	静岡県	山口県
清水	静岡県
下麻生	岐阜県
下市田	長野県
下川合	静岡県
下切	岐阜県
下地	愛知県
下島	長野県
下曽我	神奈川県
下平	長野県
下土狩	静岡県
下庄	三重県
下部温泉	山梨県
下山村	長野県
下油井	岐阜県
十二兼	長野県
常永	山梨県
定光寺	愛知県
上呂	岐阜県
白川口	岐阜県
城西	静岡県
新大阪	大阪府	大阪府
新蒲原	静岡県
新宮	和歌山県	和歌山県
新所原	静岡県
新城	愛知県
新守山	愛知県
神領	愛知県
杉崎	岐阜県
杉原	岐阜県
裾野	静岡県
須原	長野県
駿河小山	静岡県
関ケ原	岐阜県
関ノ宮	三重県
洗馬	長野県
善光寺	山梨県
禅昌寺	岐阜県
蘇原	岐阜県
高茶屋	三重県
高塚	静岡県
高遠原	長野県
高山	岐阜県
多気	三重県
滝原	三重県
田切	長野県
武豊	愛知県
武並	岐阜県
駄科	長野県
多治見	岐阜県
田立	長野県
竪堀	静岡県
田畑	長野県
田丸	三重県
田本	長野県
垂井	岐阜県
千種	愛知県
茶臼山	愛知県
中部天竜	静岡県
千代	長野県
津	三重県
角川	岐阜県
鶴舞	愛知県
天竜川	静岡県
天竜峡	長野県
東栄	愛知県
東上	愛知県
十島	山梨県
土岐市	岐阜県
外城田	三重県
時又	長野県
徳和	三重県
栃原	三重県
鳥羽	三重県
富田浜	三重県
豊川	愛知県
豊田町	静岡県
豊橋	愛知県
鳥居	愛知県
那加	岐阜県
中井侍	長野県
長泉なめり	静岡県
中川辺	岐阜県
長篠城	愛知県
長島	三重県
中津川	岐阜県
長森	岐阜県
長山	愛知県
渚	岐阜県
南木曽	長野県
名古屋	愛知県
七久保	長野県
奈良井	長野県
贄川	長野県
二木島	三重県
西岡崎	愛知県
西岐阜	岐阜県
西小坂井	愛知県
西富士宮	静岡県
西焼津	静岡県
温田	長野県
沼久保	静岡県
沼津	静岡県
根本	岐阜県
野尻	長野県
野田城	愛知県
野田新町	愛知県
波高島	山梨県
波田須	三重県
八田	愛知県
羽場	長野県
浜松	静岡県
早瀬	静岡県
原	静岡県
原野	長野県
春田	愛知県
半田	愛知県
東浦	愛知県
東刈谷	愛知県
東静岡	静岡県
東新町	愛知県
東田子の浦	静岡県
東成岩	愛知県
東花輪	山梨県
東山北	神奈川県
飛騨一ノ宮	岐阜県
飛騨小坂	岐阜県
飛騨金山	岐阜県
飛騨国府	岐阜県
飛騨萩原	岐阜県
飛騨古川	岐阜県
飛騨細江	岐阜県
飛騨宮田	岐阜県
比津	三重県
日出塩	長野県
姫	岐阜県
平岡	長野県
枇杷島	愛知県
袋井	静岡県
富士	静岡県
藤枝	静岡県
富士岡	静岡県
富士川	静岡県
富士根	静岡県
富士宮	静岡県
二川	愛知県
二見浦	三重県
船津	三重県
船町	愛知県
弁天島	静岡県
上枝	岐阜県
穂積	岐阜県
本長篠	愛知県
舞阪	静岡県
米原	滋賀県	滋賀県
松阪	三重県
松下	三重県
松田	神奈川県
三河安城	愛知県
三河一宮	愛知県
三河大塚	愛知県
三河大野	愛知県
三河川合	愛知県
三河塩津	愛知県
三河東郷	愛知県
三河槙原	愛知県
三河三谷	愛知県
三木里	三重県
御厨	静岡県
水窪	静岡県
三島	静岡県
瑞浪	岐阜県
三瀬谷	三重県
南大高	愛知県
南甲府	山梨県
南御殿場	静岡県
南四日市	三重県
美濃赤坂	岐阜県
美濃太田	岐阜県
美濃川合	岐阜県
美乃坂本	岐阜県
三野瀬	三重県
身延	山梨県
宮川	三重県
宮木	長野県
宮田	長野県
宮ノ越	長野県
向市場	静岡県
用宗	静岡県
元善光寺	長野県
焼津	静岡県
谷峨	神奈川県
焼石	岐阜県
弥富	愛知県
藪原	長野県
山北	神奈川県
山田上口	三重県
山吹	長野県
由比	静岡県
柚木	静岡県
湯谷温泉	愛知県
吉原	静岡県
四日市	三重県
寄畑	山梨県
六合	静岡県
六軒	三重県
鷲津	静岡県
相生	兵庫県
相野	兵庫県
藍本	兵庫県
粟生	兵庫県
青倉	兵庫県
青野ケ原	兵庫県
青郷	福井県
青野山	島根県
青原	島根県
青谷	鳥取県
赤碕	鳥取県
明石	兵庫県
英賀保	兵庫県
上道	鳥取県	岡山県
阿川	山口県
安芸阿賀	広島県
あき亀山	広島県
安芸川尻	広島県
安芸幸崎	広島県
安芸津	広島県
安芸長束	広島県
安芸中野	広島県
安芸長浜	広島県
安芸矢口	広島県
厚狭	山口県
浅香	大阪府
朝霧	兵庫県
浅利	島根県
安治川口	大阪府
阿知須	山口県
足立	岡山県
阿品	広島県
芦原橋	大阪府
足守	岡山県
芦屋	兵庫県
足羽	福井県
安栖里	京都府
厚保	山口県
朝来	和歌山県
安土	滋賀県
安登	広島県
安曇川	滋賀県
我孫子町	大阪府
油田	富山県
油日	滋賀県
網干	兵庫県
尼崎	兵庫県
甘地	兵庫県
雨晴	富山県
余子	鳥取県
餘部	兵庫県
綾部	京都府
綾羅木	山口県
荒島	島根県
粟野	福井県
芦原温泉	福井県
飯井	山口県
飯浦	島根県
伊賀上野	三重県
伊上	山口県
生野	兵庫県
生野屋	山口県
居組	兵庫県
井倉	岡山県
石原	京都府
石蟹	岡山県
石部	滋賀県
石山	滋賀県
和泉砂川	大阪府
和泉鳥取	大阪府
和泉橋本	大阪府
和泉府中	大阪府
出雲坂根	島根県
出雲市	島根県
出雲神西	島根県
出雲大東	島根県
出雲三成	島根県
出雲八代	島根県
出雲横田	島根県
石生	兵庫県
五十猛	島根県
伊丹	兵庫県
板持	山口県
市岡	岡山県
市島	兵庫県
一乗谷	福井県
市波	福井県
櫟本	奈良県
市場	兵庫県
五日市	広島県
糸魚川	新潟県
糸崎	広島県
稲枝	滋賀県
猪名寺	兵庫県
因幡社	鳥取県
稲原	和歌山県
印南	和歌山県
稲荷	京都府
居能	山口県
井原市	広島県
茨木	大阪府
今宮	大阪府
揖屋	島根県
伊里	岡山県
岩国	山口県
岩倉	山口県
岩代	和歌山県
岩田	山口県
岩出	和歌山県
岩鼻	山口県
岩美	鳥取県
石見津田	島根県
石見福光	島根県
石見横田	島根県
岩山	岡山県
院庄	岡山県
伊部	岡山県
上野芝	大阪府
植松	岡山県
魚住	兵庫県
鵜飼	広島県
宇賀本郷	山口県
宇久井	和歌山県
宇治	京都府
牛ケ原	福井県
太秦	京都府
宇田郷	山口県
打田	和歌山県
内名	広島県
有年	兵庫県
畝傍	奈良県
宇野	岡山県
宇野気	石川県
宇部	山口県
宇部新川	山口県
宇部岬	山口県
馬堀	京都府
梅ケ峠	山口県
梅小路京都西	京都府
梅迫	京都府
敬川	島根県
浦安	鳥取県
駅家	広島県
江崎	山口県
江住	和歌山県
越前大野	福井県
越前大宮	福井県
越前下山	福井県
越前高田	福井県
越前たけふ	福井県
越前田野	福井県
越前東郷	福井県
越前富田	福井県
越前花堂	福井県
越前薬師	福井県
越中国分	富山県
越中中川	富山県
越中八尾	富山県
越中山田	富山県
江原	兵庫県
江尾	鳥取県
海老江	大阪府
円町	京都府
王寺	奈良県
黄檗	京都府
近江今津	滋賀県
近江塩津	滋賀県
近江高島	滋賀県
近江中庄	滋賀県
近江八幡	滋賀県
近江舞子	滋賀県
太市	兵庫県
大岩	鳥取県
大河内	山口県
大阪	大阪府
大阪城北詰	大阪府
大阪城公園	大阪府
大阪天満宮	大阪府
大篠津町	鳥取県
大住	京都府
大竹	広島県
大田市	島根県
大谷	和歌山県
大多羅	岡山県
大津	滋賀県
大津京	滋賀県
大歳	山口県
大鳥羽	福井県
大富	岡山県
鳳	大阪府
大野浦	広島県
大乗	広島県
大畠	山口県
大町	広島県	佐賀県
大元	岡山県
岡見	島根県
岡山	岡山県
邑久	岡山県
おごと温泉	滋賀県
刑部	岡山県
長船	岡山県
小田	島根県
小月	山口県
小奴可	広島県
小野田	山口県
小野田港	山口県
小野町	兵庫県
尾道	広島県
小浜	福井県
小原	岡山県
帯解	奈良県
於福	山口県
折居	島根県
海田市	広島県
海南	和歌山県
加賀温泉	石川県
香登	岡山県
嘉川	山口県
柿ケ島	福井県
香久山	奈良県
加古川	兵庫県
笠岡	岡山県
笠置	京都府
風早	広島県
梶栗郷台地	山口県
梶田	広島県
香芝	奈良県
加島	大阪府
香住	兵庫県
笠田	和歌山県
堅田	滋賀県
勝間	山口県
勝間田	岡山県
桂川	京都府	福岡県
加斗	福井県
勝原	福井県
金川	岡山県
金沢	石川県
金橋	奈良県
金丸	石川県
加太	三重県
可部	広島県
鎌手	島根県
加美	大阪府
上石見	鳥取県
上嘉川	山口県
上川口	京都府
上川立	広島県
上郷	山口県
上郡	兵庫県
上狛	京都府
神杉	広島県
上菅	鳥取県
上戸手	広島県
上中	福井県
上の町	岡山県
上深川	広島県
上三田	広島県
上八木	広島県
上夜久野	京都府
上山口	山口県
亀岡	京都府
亀嵩	島根県
亀甲	岡山県
鴨方	岡山県
加茂郷	和歌山県
加茂中	島根県
唐崎	滋賀県
狩留家	広島県
かるが浜	広島県
河合西	兵庫県
河毛	滋賀県
河佐	広島県
河崎口	鳥取県
河瀬	滋賀県
川棚温泉	山口県
河内磐船	大阪府
河内堅上	大阪府
川西	山口県
川西池田	兵庫県
河原	鳥取県
川原石	広島県
関西空港	大阪府
神辺	広島県
神野	兵庫県
紀伊	和歌山県
紀伊有田	和歌山県
紀伊内原	和歌山県
紀伊浦神	和歌山県
紀伊小倉	和歌山県
紀伊勝浦	和歌山県
紀伊佐野	和歌山県
紀伊新庄	和歌山県
紀伊田辺	和歌山県
紀伊田原	和歌山県
紀伊天満	和歌山県
紀伊富田	和歌山県
紀伊長田	和歌山県
紀伊中ノ島	和歌山県
紀伊日置	和歌山県
紀伊姫	和歌山県
紀伊宮原	和歌山県
紀伊山田	和歌山県
紀伊由良	和歌山県
吉舎	広島県
岸辺	大阪府
岸本	鳥取県
木次	島根県
衣摺加美北	大阪府
北伊丹	兵庫県
北宇智	奈良県
北大野	福井県
北小谷	長野県
北小松	滋賀県
北信太	大阪府
北新地	大阪府
北長瀬	岡山県
木津	京都府
城崎温泉	兵庫県
木ノ本	滋賀県
木野山	岡山県
吉備津	岡山県
貴生川	滋賀県
来待	島根県
木見	岡山県
紀三井寺	和歌山県
気山	福井県
久宝寺	大阪府
木与	山口県
京口	兵庫県
京田辺	京都府
京橋	大阪府
京終	奈良県
清音	岡山県
切目	和歌山県
岐波	山口県
紀和	和歌山県
黄波戸	山口県
欽明路	山口県
玖珂	山口県
久々原	岡山県
久下村	兵庫県
草江	山口県
草津	滋賀県
櫛ケ浜	山口県
串本	和歌山県
久代	島根県
九頭竜湖	福井県
久世	岡山県
久谷	兵庫県
下松	山口県	大阪府
久手	島根県
国英	鳥取県
玖波	広島県
頸城大野	新潟県
熊取	大阪府
熊山	岡山県
玖村	広島県
久米田	大阪府
倉敷	岡山県
倉吉	鳥取県
呉	広島県
呉ポートピア	広島県
黒井村	山口県
黒江	和歌山県
黒坂	鳥取県
黒田庄	兵庫県
黒部宇奈月温泉	富山県
黒松	島根県
玄武洞	兵庫県
甲賀	滋賀県
豪渓	岡山県
甲子園口	兵庫県
甲西	滋賀県
甲立	広島県
河内	広島県
江津	島根県
上月	兵庫県
河戸帆待川	広島県
江南	島根県
甲南	滋賀県
甲南山手	兵庫県
甲奴	広島県
鴻池新田	大阪府
神戸	兵庫県
神目	岡山県
高野口	和歌山県
香呂	兵庫県
郡家	鳥取県
粉河	和歌山県
小串	山口県
国府	兵庫県
小倉	福岡県	福岡県
古座	和歌山県
越ケ浜	山口県
児島	岡山県	岡山県
五条	奈良県
御所	奈良県
小滝	新潟県
御着	兵庫県
特牛	山口県
厚東	山口県
後藤	鳥取県
琴芝	山口県
木幡	京都府
御坊	和歌山県
胡麻	京都府
小松	石川県
古見	岡山県
小屋浦	広島県
湖山	鳥取県
小和清水	福井県
金光	岡山県
西大寺	岡山県
坂	広島県
嵯峨嵐山	京都府
堺市	大阪府
境港	鳥取県
坂田	滋賀県
坂根	岡山県
桜井	奈良県
桜島	大阪府
さくら夙川	兵庫県
桜ノ宮	大阪府
坂越	兵庫県
笹津	富山県
篠山口	兵庫県
佐津	兵庫県
里庄	岡山県
佐那具	三重県
佐用	兵庫県
佐良山	岡山県
三田	兵庫県
三ノ宮	兵庫県
三本松口	鳥取県
三見	山口県
JR淡路	大阪府
JR小倉	京都府
JR河内永和	大阪府
JR五位堂	奈良県
JR俊徳道	大阪府
JR総持寺	大阪府
JR長瀬	大阪府
JR難波	大阪府
JR野江	大阪府
JR藤森	京都府
JR三山木	京都府
塩町	広島県
塩屋	兵庫県
志賀	滋賀県
志紀	大阪府
敷浪	石川県
鴫野	大阪府
寺家	広島県
重安	山口県
四条畷	大阪府
静間	島根県
志都美	奈良県
七軒茶屋	広島県
信太山	大阪府
篠原	滋賀県
忍ケ丘	大阪府
篠目	山口県
柴山	兵庫県
渋木	山口県
地福	山口県
島尾	富山県
島ケ原	三重県
島本	大阪府
冷水浦	和歌山県
下井阪	和歌山県
下市	鳥取県
下川辺	広島県
下祇園	広島県
下久野	島根県
下府	島根県
下狛	京都府
下里	和歌山県
下滝	兵庫県
下津	和歌山県
下関	山口県	山口県
下兵庫	和歌山県
下深川	広島県
下北条	鳥取県
下夜久野	京都府
下山	京都府
下唯野	福井県
下和知	広島県
上下	広島県
城端	富山県
荘原	島根県
生山	鳥取県
城陽	京都府
白市	広島県
白木山	広島県
白浜	和歌山県
四郎ケ原	山口県
城北公園通	大阪府
志和口	広島県
志和地	広島県
新旭	滋賀県
新市	広島県
新井口	広島県
新今宮	大阪府
新岩国	山口県
新尾道	広島県
新加美	大阪府
鍼灸大学前	京都府
新倉敷	岡山県
新家	大阪府
新神戸	兵庫県
新三田	兵庫県
宍道	島根県
新下関	山口県
新高岡	富山県
新堂	三重県
新長田	兵庫県
新南陽	山口県
新西脇	兵庫県
新白島	広島県
新疋田	福井県
新平野	福井県
新広	広島県
新福島	大阪府
新山口	山口県
吹田	大阪府
末恒	鳥取県
周防久保	山口県
周防佐山	山口県
周防下郷	山口県
周防高森	山口県
周防花岡	山口県
杉本町	大阪府
須佐	山口県
周参見	和歌山県
雀田	山口県
隅田	和歌山県
須波	広島県
周布	島根県
須磨	兵庫県
須磨海浜公園	兵庫県
住道	大阪府
住吉	兵庫県	熊本県
勢浜	福井県
関	三重県
膳所	滋賀県
瀬田	滋賀県	熊本県
摂津富田	大阪府
摂津本山	兵庫県
瀬戸	岡山県
瀬野	広島県
妹尾	岡山県
仙崎	山口県
千旦	和歌山県
千本	兵庫県
千里丘	大阪府
寒河	岡山県
総社	岡山県
曽根	兵庫県
園部	京都府
大安寺	岡山県
太地	和歌山県
大正	大阪府
大山口	鳥取県
大道	山口県
田井ノ瀬	和歌山県
大門	広島県
高	広島県
高井田	大阪府
高井田中央	大阪府
高岡	富山県
鷹狩	鳥取県
高儀	富山県
高木	広島県
高島	岡山県
高田	奈良県	長崎県
高津	京都府
高月	滋賀県
高槻	大阪府
鷹取	兵庫県
高野	岡山県
高松	石川県	香川県
高松町	鳥取県
高水	山口県
宝塚	兵庫県
田儀	島根県
滝野	兵庫県
滝部	山口県
竹田	兵庫県
武田尾	兵庫県
竹野	兵庫県
竹原	広島県
建部	岡山県
田子	和歌山県
丹治部	岡山県
忠海	広島県
立木	京都府
立花	兵庫県
竜野	兵庫県
棚倉	京都府
田並	和歌山県
谷川	兵庫県
田布施	山口県
玉江	山口県
玉柏	岡山県
玉造	大阪府
玉造温泉	島根県
玉手	奈良県
玉水	京都府
田村	滋賀県
垂水	兵庫県
誕生寺	岡山県
丹波大山	兵庫県
丹波口	京都府
丹波竹田	兵庫県
近田	広島県
千里	富山県
千路	石川県
智頭	鳥取県
茶屋町	岡山県
中国勝山	岡山県
長府	山口県
長門峡	山口県
千代川	京都府
知和	岡山県
塚口	兵庫県
塚本	大阪府
月ケ瀬口	京都府
月田	岡山県
津久野	大阪府
柘植	三重県
津田	大阪府
土山	兵庫県
通津	山口県
常山	岡山県
津ノ井	鳥取県
都野津	島根県
椿	和歌山県
津幡	石川県
坪井	岡山県
妻崎	山口県
津山	岡山県
津山口	岡山県
鶴居	兵庫県
敦賀	福井県
鶴ケ丘	大阪府
鶴橋	大阪府
津和野	島根県
手原	滋賀県
寺庄	滋賀県
寺田町	大阪府
寺前	兵庫県
天神川	広島県
天応	広島県
天王寺	大阪府
天満	大阪府
天理	奈良県
天和	兵庫県
戸出	富山県
道後山	広島県
同志社前	京都府
東城	広島県
道場	兵庫県
道成寺	和歌山県
東福寺	京都府
東部市場前	大阪府
常盤	山口県
徳庵	大阪府
徳佐	山口県
徳田	石川県
徳山	山口県
床波	山口県
戸田小浜	島根県
鳥取	鳥取県
鳥取大学前	鳥取県
戸手	広島県
砺波	富山県
富木	大阪府
富海	山口県
砥堀	兵庫県
泊	鳥取県
富原	岡山県
十村	福井県
富山	富山県
豊岡	兵庫県
虎姫	滋賀県
直江	島根県
長居	大阪府
長池	京都府
中飯降	和歌山県
長尾	大阪府
長岡京	京都府
中島	広島県
中庄	岡山県
長滝	大阪府
中土	長野県
中津幡	石川県
長門粟野	山口県
長門大井	山口県
長門市	山口県
長門長沢	山口県
長門二見	山口県
長門古市	山口県
長門三隅	山口県
長門本山	山口県
長門湯本	山口県
中野東	広島県
中畑	広島県
中浜	鳥取県
長浜	滋賀県
永原	滋賀県
中深川	広島県
中三田	広島県
中山口	鳥取県
中山寺	兵庫県
長柄	奈良県
那岐	鳥取県
名草	山口県
奈古	山口県
灘	兵庫県
那智	和歌山県
名手	和歌山県
七尾	石川県
七塚	広島県
鍋倉	山口県
生瀬	兵庫県
並河	京都府
奈良	奈良県
楢原	岡山県
平城山	奈良県
名和	鳥取県
新井	兵庫県
新郷	岡山県
新野	兵庫県	徳島県
新見	岡山県
仁方	広島県
西相生	兵庫県
西明石	兵庫県
西阿知	岡山県
西出雲	島根県
西岩国	山口県
西大路	京都府
西笠田	和歌山県
西片上	岡山県
西勝間田	岡山県
西川原	岡山県
西木津	京都府
西九条	大阪府
西栗栖	兵庫県
西高屋	広島県
西敦賀	福井県
西富山	富山県
西宮	兵庫県
西宮名塩	兵庫県
西浜田	島根県
西広島	広島県
西舞鶴	京都府
西三次	広島県
二条	京都府
西脇市	兵庫県
日原	島根県
仁豊野	兵庫県
仁保	山口県
仁保津	山口県
日本へそ公園	兵庫県
仁万	島根県
入野	広島県	鹿児島県
楡原	富山県
庭瀬	岡山県
布原	岡山県
根雨	鳥取県
根知	新潟県
寝屋川公園	大阪府
能町	富山県
乃木	島根県
野里	兵庫県
能瀬	石川県
野田	大阪府
野馳	岡山県
能登川	滋賀県
能登二宮	石川県
能登部	石川県
野々口	岡山県
梅林	広島県
博多	福岡県	福岡県
博多南	福岡県
計石	福井県
萩	山口県
羽咋	石川県
博労町	鳥取県
迫川	岡山県
波子	島根県
土師	鳥取県
柱野	山口県
長谷	兵庫県
畠田	奈良県
幡生	山口県
幡屋	島根県
八浜	岡山県
八本松	広島県
廿日市	広島県
初島	和歌山県
服部	岡山県
花園	京都府
放出	大阪府
波根	島根県
馬場崎町	鳥取県
埴生	山口県
浜河内	山口県
浜坂	兵庫県
浜田	島根県
浜村	鳥取県
芳養	和歌山県
林	富山県
林野	岡山県
早島	岡山県
速星	富山県
はりま勝原	兵庫県
播磨新宮	兵庫県
播磨高岡	兵庫県
播磨徳久	兵庫県
播州赤穂	兵庫県
比延	兵庫県
比叡山坂本	滋賀県
日岡	兵庫県
東青原	島根県
東石黒	富山県
東岡山	岡山県
東尾道	広島県
東小浜	福井県
東貝塚	大阪府
東加古川	兵庫県
東岸和田	大阪府
東郡家	鳥取県
東佐野	大阪府
東新川	山口県
東総社	岡山県
東津山	岡山県
東野尻	富山県
東萩	山口県
東羽衣	大阪府
東觜崎	兵庫県
東浜	鳥取県
東姫路	兵庫県
東広島	広島県
東福山	広島県
東舞鶴	京都府
東松江	島根県
東美浜	福井県
東八尾	富山県
東山公園	鳥取県
東淀川	大阪府
光	山口県
彦崎	岡山県
彦根	滋賀県
美章園	大阪府
備前一宮	岡山県
備前片岡	岡山県
備前片上	岡山県
備前田井	岡山県
備前西市	岡山県
備前原	岡山県
備前福河	兵庫県
備前三門	岡山県
備中川面	岡山県
備中神代	岡山県
備中高梁	岡山県
備中高松	岡山県
備中広瀬	岡山県
備中箕島	岡山県
人丸	山口県
日生	岡山県
日根野	大阪府
日登	島根県
比婆山	広島県
氷見	富山県
姫川	新潟県
姫路	兵庫県
ひめじ別所	兵庫県
兵庫	兵庫県
日吉	京都府
比良	滋賀県
平岩	新潟県
平子	広島県
平野	大阪府
広	広島県
広川ビーチ	和歌山県
広島	広島県
日羽	岡山県
備後赤坂	広島県
備後落合	広島県
備後西城	広島県
備後庄原	広島県
備後本庄	広島県
備後三川	広島県
備後三日市	広島県
備後安田	広島県
備後矢野	広島県
備後八幡	広島県
深溝	山口県
福井	福井県
福江	山口県
福川	山口県
福崎	兵庫県
福知山	京都府
福野	富山県
福部	鳥取県
福光	富山県
福山	広島県
福渡	岡山県
藤井	福井県
伏木	富山県
藤阪	大阪府
藤並	和歌山県
富士見町	鳥取県
藤生	山口県
二塚	富山県
淵垣	京都府
府中	広島県	徳島県
婦中鵜坂	富山県
船戸	和歌山県
船平山	山口県
船町口	兵庫県
古市	兵庫県
古市橋	広島県
戸坂	広島県
弁天町	大阪府
法界院	岡山県
宝木	鳥取県
伯耆大山	鳥取県
伯耆溝口	鳥取県
方谷	岡山県
祝園	京都府
宝達	石川県
宝殿	兵庫県
防府	山口県
蓬莱	滋賀県
法隆寺	奈良県
星田	大阪府
布施屋	和歌山県
保津峡	京都府
本黒田	兵庫県
本郷	広島県
本竜野	兵庫県
本津幡	石川県
本俣賀	島根県
本由良	山口県
舞子	兵庫県
前空	広島県
マキノ	滋賀県
巻向	奈良県
牧山	岡山県
真倉	京都府
馬路	島根県
益田	島根県
松井山手	京都府
松江	島根県
松崎	鳥取県
松永	広島県
松尾寺	京都府
万能倉	広島県
摩耶	兵庫県
丸尾	山口県
万富	岡山県
三井野原	島根県
三浦	岡山県
三方	福井県
三日月	兵庫県
三国ケ丘	大阪府
三雲	滋賀県
御来屋	鳥取県
水尻	広島県
溝口	兵庫県
三滝	広島県
三谷	山口県
道上	広島県
三石	岡山県
三松	福井県
御幣島	大阪府
緑井	広島県
美袋	岡山県
南部	和歌山県
南岩国	山口県
南大嶺	山口県
南小野田	山口県
南草津	滋賀県
南宍道	島根県
南吹田	大阪府
南大東	島根県
南田辺	大阪府
南中川	山口県
南羽咋	石川県
南彦根	滋賀県
南矢代	兵庫県
美祢	山口県
箕島	和歌山県
美浜	福井県
三原	広島県
三保三隅	島根県
美作江見	岡山県
美作追分	岡山県
美作大崎	岡山県
美作落合	岡山県
美作加茂	岡山県
美作河井	岡山県
美作千代	岡山県
美作滝尾	岡山県
美作土居	岡山県
宮内串戸	広島県
宮島口	広島県
宮野	山口県
美山	福井県
宮前	和歌山県
妙寺	和歌山県
三次	広島県
三良坂	広島県
見老津	和歌山県
三輪	奈良県
三輪崎	和歌山県
向洋	広島県
向原	広島県
武庫	鳥取県
向日町	京都府
六十谷	和歌山県
目出	山口県
免田	石川県
百舌鳥	大阪府
用瀬	鳥取県
元町	兵庫県
桃谷	大阪府
桃山	京都府
森ノ宮	大阪府
守山	滋賀県
諸寄	兵庫県
八尾	大阪府
矢賀	広島県
矢神	岡山県
八川	島根県
八木	京都府
厄神	兵庫県
社町	兵庫県
野洲	滋賀県
安浦	広島県
安岡	山口県
安来	島根県
八次	広島県
柳井	山口県
柳井港	山口県
柳本	奈良県
梁瀬	兵庫県
矢野	広島県
八橋	鳥取県
矢原	山口県
養父	兵庫県
山家	京都府
山口	山口県
山科	京都府
山城青谷	京都府
山城多賀	京都府
大和小泉	奈良県
大和新庄	奈良県
大和二見	奈良県
山中渓	大阪府
山ノ内	広島県
湯浅	和歌山県
由宇	山口県
湯川	和歌山県
油木	広島県
弓削	岡山県
湯里	島根県
湯田温泉	山口県
湯玉	山口県
湯田村	広島県
ユニバーサルシティ	大阪府
温泉津	島根県
湯ノ峠	山口県
弓ケ浜	鳥取県
由良	鳥取県
八鹿	兵庫県
余呉	滋賀県
横尾	広島県
横山	石川県
吉浦	広島県
良川	石川県
吉田口	広島県
吉富	京都府	福岡県
吉名	広島県
吉永	岡山県
吉野口	奈良県
吉見	山口県
四辻	山口県
淀江	鳥取県
米子	鳥取県
米子空港	鳥取県
米川	山口県
余部	兵庫県
鎧	兵庫県
栗東	滋賀県
りんくうタウン	大阪府
六地蔵	京都府
六条	福井県
六甲道	兵庫県
若狭有田	福井県
若狭高浜	福井県
若狭本郷	福井県
若狭和田	福井県
和歌山	和歌山県
和歌山市	和歌山県
和木	山口県
掖上	奈良県
和倉温泉	石川県
和気	岡山県
和佐	和歌山県
和田浜	鳥取県
和田岬	兵庫県
和田山	兵庫県
渡川	山口県
和知	京都府
和邇	滋賀県
和深	和歌山県
赤星	愛媛県
鮎喰	徳島県
浅川	徳島県
朝倉	高知県
浅海	愛媛県
吾桑	高知県
薊野	高知県
穴吹	徳島県
阿南	徳島県
安和	高知県
阿波赤石	徳島県
粟井	愛媛県
阿波池田	徳島県
阿波大谷	徳島県
阿波大宮	徳島県
阿波海南	徳島県
阿波加茂	徳島県
阿波川口	徳島県
阿波川島	徳島県
阿波川端	徳島県
阿波橘	徳島県
阿波富田	徳島県
阿波中島	徳島県
阿波半田	徳島県
阿波福井	徳島県
阿波山川	徳島県
家地川	高知県
五十崎	愛媛県
池谷	徳島県
石井	徳島県
石鎚山	愛媛県
出目	愛媛県
板野	徳島県
市坪	愛媛県
伊野	高知県
今治	愛媛県
祖谷口	徳島県
伊予出石	愛媛県
伊予石城	愛媛県
伊予大洲	愛媛県
伊予大平	愛媛県
伊予上灘	愛媛県
伊予亀岡	愛媛県
伊予小松	愛媛県
伊予西条	愛媛県
伊予桜井	愛媛県
伊予寒川	愛媛県
伊予市	愛媛県
伊予白滝	愛媛県
伊予立川	愛媛県
伊予土居	愛媛県
伊予富田	愛媛県
伊予長浜	愛媛県
伊予中山	愛媛県
伊予氷見	愛媛県
伊予平野	愛媛県
伊予北条	愛媛県
伊予三島	愛媛県
伊予宮野下	愛媛県
伊予三芳	愛媛県
伊予横田	愛媛県
伊予吉田	愛媛県
伊予和気	愛媛県
入明	高知県
牛島	徳島県
宇多津	香川県
内子	愛媛県
打井川	高知県
卯之町	愛媛県
宇和島	愛媛県
江川崎	高知県
江口	徳島県
枝川	高知県
襟野々	高知県
円行寺口	高知県
麻植塚	徳島県
大内	愛媛県
大浦	愛媛県
大杉	高知県
大田口	高知県
大西	愛媛県
多ノ郷	高知県
大歩危	徳島県
大間	高知県
岡花	高知県
小島	徳島県
小村神社前	高知県
オレンジタウン	香川県
海岸寺	香川県
学	徳島県
角茂谷	高知県
影野	高知県
上宇和	愛媛県
鴨川	香川県
鴨島	徳島県
川田	徳島県
川之江	愛媛県
観音寺	香川県
神前	香川県
木岐	徳島県
菊間	愛媛県
北伊予	愛媛県
北宇和島	愛媛県
北河内	徳島県
木太町	香川県
喜多灘	愛媛県
喜多山	愛媛県
鬼無	香川県
教会前	徳島県
日下	高知県
串	愛媛県
窪川	高知県
蔵本	徳島県
黒川	香川県
桑野	徳島県
香西	香川県
高知	高知県
高知商業前	高知県
高野川	愛媛県
光洋台	愛媛県
国分	香川県	鹿児島県
琴平	香川県
小歩危	徳島県
後免	高知県
五郎	愛媛県
金蔵寺	香川県
金比羅前	徳島県
坂出	香川県
佐川	高知県
佐古	徳島県
貞光	徳島県
讃岐相生	香川県
讃岐財田	香川県
讃岐塩屋	香川県
讃岐白鳥	香川県
讃岐津田	香川県
讃岐府中	香川県
讃岐牟礼	香川県
鯖瀬	徳島県
三本松	香川県
塩入	香川県
繁藤	高知県
地蔵橋	徳島県
志度	香川県
下浦	徳島県
下宇和	愛媛県
下灘	愛媛県
勝瑞	徳島県
昭和町	香川県
新改	高知県
須崎	高知県
関川	愛媛県
千丈	愛媛県
善通寺	香川県
造田	香川県
田井ノ浜(臨)	徳島県
高光	愛媛県
多喜浜	愛媛県
詫間	香川県
立間	愛媛県
立江	徳島県
立道	徳島県
多度津	香川県
玉之江	愛媛県
近永	愛媛県
佃	徳島県
辻	徳島県
津島ノ宮(臨)	香川県
坪尻	徳島県
鶴羽	香川県
十川	高知県
斗賀野	高知県
徳島	徳島県
土佐穴内	高知県
土佐一宮	高知県
土佐岩原	高知県
土佐大津	高知県
土佐加茂	高知県
土佐北川	高知県
土佐久礼	高知県
土佐昭和	高知県
土佐新荘	高知県
土佐大正	高知県
土佐長岡	高知県
土佐山田	高知県
豊永	高知県
豊浜	香川県
鳥ノ木	愛媛県
中萩	愛媛県
波方	愛媛県
鳴門	徳島県
新居浜	愛媛県
新谷	愛媛県
二軒屋	徳島県
西麻植	徳島県
西大洲	愛媛県
西ケ方	高知県
西佐川	高知県
西原	徳島県
丹生	香川県
壬生川	愛媛県
布師田	高知県
波川	高知県
半家	高知県
端岡	香川県
箸蔵	徳島県
波止浜	愛媛県
八多喜	愛媛県
羽ノ浦	徳島県
春賀	愛媛県
板東	徳島県
引田	香川県
比地大	香川県
日和佐	徳島県
深田	愛媛県
双岩	愛媛県
二名	愛媛県
古高松南	香川県
文化の森	徳島県
辺川	徳島県
堀江	愛媛県
真土	愛媛県
松丸	愛媛県
松山	愛媛県
丸亀	香川県
三加茂	徳島県
三津浜	愛媛県
南伊予	愛媛県
南小松島	徳島県
三縄	徳島県
みの	香川県
箕浦	香川県
見能林	徳島県
向井原	愛媛県
牟岐	徳島県
務田	愛媛県
撫養	徳島県
本山	香川県
八栗口	香川県
屋島	香川県
八十場	香川県
山河内	徳島県
山瀬	徳島県
山田西町	高知県
八幡浜	愛媛県
由岐	徳島県
吉成	徳島県
吉野生	愛媛県
栗林	香川県
栗林公園北口	香川県
六反地	高知県
若井	高知県
姶良	鹿児島県
青井岳	宮崎県
青島	宮崎県
赤瀬	熊本県
赤間	福岡県
赤水	熊本県
朝地	大分県
旭ケ丘	宮崎県
浅海井	大分県
阿蘇	熊本県
油津	宮崎県
安部山公園	福岡県
天ケ瀬	大分県
天津	大分県
荒木	福岡県
有佐	熊本県
有田	佐賀県
飯塚	福岡県
伊賀	福岡県
伊賀屋	佐賀県
一貴山	福岡県
池尻	福岡県
いこいの村	熊本県
諫早	長崎県
石打ダム	熊本県
石垣	鹿児島県
石田	福岡県
石原町	福岡県
伊集院	鹿児島県
出水	鹿児島県
五十市	宮崎県
市来	鹿児島県
市棚	宮崎県
市布	長崎県
市ノ川	熊本県
一勝地	熊本県
一本松	福岡県
糸島高校前	福岡県
犬飼	大分県
伊比井	宮崎県
指宿	鹿児島県
今宿	福岡県
今津	大分県
今山	大分県
伊万里	佐賀県
岩松	長崎県
岩屋	佐賀県
植木	熊本県
植村	鹿児島県
うきは	福岡県
宇佐	大分県
牛津	佐賀県
宇宿	鹿児島県
臼杵	大分県
内海	宮崎県
内之田	宮崎県
内牧	熊本県
現川	長崎県
宇土	熊本県
宇島	福岡県
宇美	福岡県
海ノ中道	福岡県
浦上	長崎県
浦田	福岡県
嬉野温泉	佐賀県
運動公園	宮崎県
頴娃	鹿児島県
頴娃大川	鹿児島県
枝光	福岡県
海老津	福岡県
えびの	宮崎県
えびの飯野	宮崎県
えびの上江	宮崎県
恵良	大分県
網田	熊本県
相知	佐賀県
小江	長崎県
大分	大分県
大分大学前	大分県
大神	大分県
大川野	佐賀県
大草	長崎県
大在	大分県
大隅大川原	鹿児島県
大隅夏井	鹿児島県
大隅横川	鹿児島県
大鶴	大分県
大堂津	宮崎県
大野下	熊本県
大野城	福岡県
大牟田	福岡県
大村	長崎県
大村車両基地	長崎県
大山	鹿児島県
緒方	大分県
小川	熊本県
小城	佐賀県
小串郷	長崎県
奥洞海	福岡県
大畑	熊本県
鬼瀬	大分県
鬼塚	佐賀県
小野屋	大分県
小波瀬西工大前	福岡県
飫肥	宮崎県
折尾	福岡県
折生迫	宮崎県
遠賀川	福岡県
海崎	大分県
海路	熊本県
開聞	鹿児島県
賀来	大分県
鹿児島	鹿児島県
鹿児島中央	鹿児島県
香椎	福岡県
香椎神宮	福岡県
加治木	鹿児島県
春日	福岡県
勝野	福岡県
門川	宮崎県
門松	福岡県
金石原	佐賀県
加納	宮崎県
加布里	福岡県
鎌瀬	熊本県
上有田	佐賀県
上伊集院	鹿児島県
上伊万里	佐賀県
上臼杵	大分県
上岡	大分県
上熊本	熊本県
上穂波	福岡県
上三緒	福岡県
神村学園前	鹿児島県
亀川	大分県
唐津	佐賀県
狩生	大分県
嘉例川	鹿児島県
川尻	熊本県
川棚	長崎県
川南	宮崎県
香春	福岡県
神埼	佐賀県
苅田	福岡県
雁ノ巣	福岡県
歓遊舎ひこさん	福岡県
喜入	鹿児島県
喜々津	長崎県
北方	佐賀県
北川	宮崎県
北郷	宮崎県
北永野田	鹿児島県
北延岡	宮崎県
北俣	鹿児島県
北山田	大分県
杵築	大分県
城戸南蔵院前	福岡県
木花	宮崎県
基山	佐賀県
九産大前	福岡県
九州工大前	福岡県
球泉洞	熊本県
九大学研都市	福岡県
厳木	佐賀県
教育大前	福岡県
京町温泉	宮崎県
清武	宮崎県
霧島温泉	鹿児島県
霧島神宮	鹿児島県
錦江	鹿児島県
銀水	福岡県
朽網	福岡県
串木野	鹿児島県
串間	宮崎県
久保田	佐賀県
熊崎	大分県
隈之城	鹿児島県
熊本	熊本県
鞍手	福岡県
栗野	鹿児島県
久留米	福岡県
久留米高校前	福岡県
久留米大学前	福岡県
九郎原	福岡県
黒崎	福岡県
けやき台	佐賀県
五位野	鹿児島県
幸崎	大分県
小内海	宮崎県
江北	佐賀県
郡元	鹿児島県
古賀	福岡県
小竹	福岡県
子供の国	宮崎県
小長井	長崎県
木葉	熊本県
木場茶屋	鹿児島県
駒鳴	佐賀県
小森江	福岡県
御領	鹿児島県
佐伯	大分県
財光寺	宮崎県
採銅所	福岡県
西戸崎	福岡県
佐賀	佐賀県
酒殿	福岡県
坂ノ市	大分県
坂之上	鹿児島県
坂本	熊本県
篠栗	福岡県
笹原	福岡県
佐志生	大分県
佐世保	長崎県
薩摩板敷	鹿児島県
薩摩今和泉	鹿児島県
薩摩川尻	鹿児島県
薩摩塩屋	鹿児島県
薩摩松元	鹿児島県
佐土原	宮崎県
佐里	佐賀県
三里木	熊本県
志井	福岡県
志井公園	福岡県
椎田	福岡県
鹿家	福岡県
敷戸	大分県
重岡	大分県
重富	鹿児島県
慈眼寺	鹿児島県
ししぶ	福岡県
下ノ江	大分県
志布志	鹿児島県
下鴨生	福岡県
下曽根	福岡県
下山門	福岡県
庄内	大分県
城野	福岡県
新飯塚	福岡県
新大牟田	福岡県
新大村	長崎県
新宮中央	福岡県
新水前寺	熊本県
新玉名	熊本県
新田原	福岡県
新鳥栖	佐賀県
新入	福岡県
陣原	福岡県
新原	福岡県
新水俣	熊本県
新八代	熊本県
水前寺	熊本県
須恵	福岡県
須恵中央	福岡県
菅尾	大分県
杉河内	大分県
周船寺	福岡県
スペースワールド	福岡県
諏訪	長崎県
瀬々串	鹿児島県
瀬高	福岡県
瀬戸石	熊本県
仙巌園	鹿児島県
千丁	熊本県
善導寺	福岡県
崇城大学前	熊本県
宗太郎	大分県
添田	福岡県
曽山寺	宮崎県
彼杵	長崎県
大行司	福岡県
大塔	長崎県
大入	福岡県
高崎新田	宮崎県
高城	大分県
高鍋	宮崎県
高橋	佐賀県
高原	宮崎県
財部	鹿児島県
田川伊田	福岡県
田川後藤寺	福岡県
滝尾	大分県
滝水	熊本県
多久	佐賀県
武雄温泉	佐賀県
竹下	福岡県
竹中	大分県
竹松	長崎県
田代	佐賀県
竜田口	熊本県
立石	大分県
立野	熊本県
谷頭	宮崎県
谷之口	宮崎県
谷山	鹿児島県
田主丸	福岡県
田野	宮崎県
田原坂	熊本県
玉名	熊本県
玉来	大分県
田吉	宮崎県
多良	佐賀県
段	熊本県
筑後大石	福岡県
筑後草野	福岡県
筑後船小屋	福岡県
筑後吉井	福岡県
筑前岩屋	福岡県
筑前植木	福岡県
筑前内野	福岡県
筑前庄内	福岡県
筑前大分	福岡県
筑前垣生	福岡県
筑前深江	福岡県
筑前前原	福岡県
筑前山家	福岡県
筑前山手	福岡県
千鳥	福岡県
千早	福岡県
帖佐	鹿児島県
長者原	福岡県
千綿	長崎県
築城	福岡県
津久見	大分県
都農	宮崎県
鶴崎	大分県
鶴丸	鹿児島県
光岡	大分県
天神山	大分県
天道	福岡県
天拝山	福岡県
土井	福岡県
東海学園前	熊本県
東郷	福岡県
鳥栖	佐賀県
土々呂	宮崎県
戸畑	福岡県
都府楼南	福岡県
富合	熊本県
直川	大分県
直見	大分県
永尾	佐賀県
長崎	長崎県
長里	長崎県
長洲	熊本県
中多久	佐賀県
中津	大分県
中原	佐賀県
中判田	大分県
中福良	鹿児島県
中間	福岡県
中名	鹿児島県
中山香	大分県
長与	長崎県
奈多	福岡県
鍋島	佐賀県
鯰田	福岡県
波野	熊本県
那良口	熊本県
南郷	宮崎県
二月田	鹿児島県
西諫早	長崎県
西浦上	長崎県
西頴娃	鹿児島県
西相知	佐賀県
西大分	大分県
西大山	鹿児島県
西唐津	佐賀県
西熊本	熊本県
西小倉	福岡県
西小林	宮崎県
西里	熊本県
西添田	福岡県
虹ノ松原	佐賀県
西人吉	熊本県
西都城	宮崎県
西牟田	福岡県
西屋敷	大分県
日南	宮崎県
生見	鹿児島県
直方	福岡県
延岡	宮崎県
野矢	大分県
早岐	長崎県
羽犬塚	福岡県
ハウステンボス	長崎県
南風崎	長崎県
葉木	熊本県
箱崎	福岡県
蓮ケ池	宮崎県
波多浦	熊本県
波多江	福岡県
浜崎	佐賀県
隼人	鹿児島県
原水	熊本県
バルーンさが(臨)	佐賀県
原田	福岡県
原町	福岡県
日宇	長崎県
東諫早	長崎県
東市来	鹿児島県
東開聞	鹿児島県
東唐津	佐賀県
東園	長崎県
東高崎	宮崎県
東多久	佐賀県
東都農	宮崎県
東中津	大分県
東福間	福岡県
東別府	大分県
東水巻	福岡県
光の森	熊本県
引治	大分県
肥後伊倉	熊本県
肥後大津	熊本県
彦山	福岡県
肥後長浜	熊本県
日出	大分県
日代	大分県
肥前旭	佐賀県
肥前飯田	佐賀県
肥前大浦	佐賀県
肥前鹿島	佐賀県
肥前久保	佐賀県
肥前古賀	長崎県
肥前白石	佐賀県
肥前長田	長崎県
肥前長野	佐賀県
肥前七浦	佐賀県
肥前浜	佐賀県
肥前麓	佐賀県
肥前竜王	佐賀県
日田	大分県
人吉	熊本県
日当山	鹿児島県
日向大束	宮崎県
日向北方	宮崎県
日向沓掛	宮崎県
日向市	宮崎県
日向庄内	宮崎県
日向新富	宮崎県
日向住吉	宮崎県
日向長井	宮崎県
日向前田	宮崎県
表木山	鹿児島県
平川	鹿児島県
広木	鹿児島県
広原	宮崎県
福島今町	宮崎県
福島高松	宮崎県
福間	福岡県
福吉	福岡県
藤ノ木	福岡県
豊前川崎	福岡県
豊前松江	福岡県
豊前善光寺	大分県
豊前長洲	大分県
豊前桝田	福岡県
二島	福岡県
二日市	福岡県
福工大前	福岡県
船尾	福岡県
古国府	大分県
豊後荻	大分県
豊後清川	大分県
豊後国分	大分県
豊後竹田	大分県
豊後豊岡	大分県
豊後中川	大分県
豊後中村	大分県
豊後三芳	大分県
豊後森	大分県
平成	熊本県
別府	大分県
別府大学	大分県
宝珠山	福岡県
本川内	長崎県
本城	福岡県
本牟田部	佐賀県
舞松原	福岡県
前之浜	鹿児島県
牧	大分県
枕崎	鹿児島県
真幸	宮崎県
松ケ浦	鹿児島県
松橋	熊本県
松原	長崎県
万ケ塚	宮崎県
御井	福岡県
三重町	大分県
三河内	長崎県
三毛門	福岡県
美咲が丘	福岡県
水城	福岡県
水成川	鹿児島県
水巻	福岡県
三角	熊本県
道ノ尾	長崎県
緑川	熊本県
南荒尾	熊本県
南大分	大分県
南鹿児島	鹿児島県
南方	宮崎県
南熊本	熊本県
南久留米	福岡県
南小倉	福岡県
南瀬高	福岡県
南延岡	宮崎県
南日向	宮崎県
南福岡	福岡県
南宮崎	宮崎県
南行橋	福岡県
南由布	大分県
三間坂	佐賀県
三股	宮崎県
美々津	宮崎県
宮ケ浜	鹿児島県
都城	宮崎県
宮崎	宮崎県
宮崎空港	宮崎県
宮崎神宮	宮崎県
宮地	熊本県
向之原	大分県
武蔵塚	熊本県
姪浜	福岡県
門司	福岡県
門司港	福岡県
餅原	宮崎県
桃川	佐賀県
矢岳	熊本県
八代	熊本県
柳ケ浦	大分県
八幡	福岡県
山川	鹿児島県
山之口	宮崎県
山本	佐賀県
弥生が丘	佐賀県
湯江	長崎県
行橋	福岡県
柚須	福岡県
湯平	大分県
湯之元	鹿児島県
由布院	大分県
夜明	大分県
暘谷	大分県
吉尾	熊本県
吉塚	福岡県
吉野	福岡県
吉野ケ里公園	佐賀県
吉松	鹿児島県
呼野	福岡県
榎原	宮崎県
竜ケ水	鹿児島県
若松	福岡県
和白	福岡県
渡瀬	福岡県
和多田	佐賀県
渡	熊本県
