あきる野市	東京都
あさぎり町	熊本県
あま市	愛知県
あわら市	福井県
いすみ市	千葉県
いちき串木野市	鹿児島県
いなべ市	三重県
いの町	高知県
いわき市	福島県
うきは市	福岡県
うるま市	沖縄県
えびの市	宮崎県
えりも町	北海道
おいらせ町	青森県
おおい町	福井県
かすみがうら市	茨城県
かつらぎ町	和歌山県
かほく市	石川県
さいたま市	埼玉県
さくら市	栃木県
さつま町	鹿児島県
さぬき市	香川県
すさみ町	和歌山県
せたな町	北海道
たつの市	兵庫県
つがる市	青森県
つくばみらい市	茨城県
つくば市	茨城県
つるぎ町	徳島県
ときがわ町	埼玉県
にかほ市	秋田県
ニセコ町	北海道
ひたちなか市	茨城県
ふじみ野市	埼玉県
まんのう町	香川県
みどり市	群馬県
みなかみ町	群馬県
みなべ町	和歌山県
みやき町	佐賀県
みやこ町	福岡県
みやま市	福岡県
みよし市	愛知県
むかわ町	北海道
むつ市	青森県
阿賀町	新潟県
阿賀野市	新潟県
阿久根市	鹿児島県
阿久比町	愛知県
阿見町	茨城県
阿蘇市	熊本県
阿智村	長野県
阿南市	徳島県
阿南町	長野県
阿波市	徳島県
阿倍野区	大阪府
阿武町	山口県
愛西市	愛知県
愛川町	神奈川県
愛荘町	滋賀県
愛南町	愛媛県
愛別町	北海道
姶良市	鹿児島県
葵区	静岡県
旭区	神奈川県	大阪府
旭市	千葉県
旭川市	北海道
芦屋市	兵庫県
芦屋町	福岡県
芦別市	北海道
芦北町	熊本県
綾瀬市	神奈川県
綾川町	香川県
綾町	宮崎県
綾部市	京都府
粟国村	沖縄県
粟島浦村	新潟県
安芸区	広島県
安芸高田市	広島県
安芸市	高知県
安芸太田町	広島県
安佐南区	広島県
安佐北区	広島県
安城市	愛知県
安中市	群馬県
安田町	高知県
安堵町	奈良県
安曇野市	長野県
安八町	岐阜県
安平町	北海道
安来市	島根県
鞍手町	福岡県
伊賀市	三重県
伊江村	沖縄県
伊根町	京都府
伊佐市	鹿児島県
伊是名村	沖縄県
伊勢原市	神奈川県
伊勢崎市	群馬県
伊勢市	三重県
伊仙町	鹿児島県
伊達市	北海道	福島県
伊丹市	兵庫県
伊東市	静岡県
伊豆の国市	静岡県
伊豆市	静岡県
伊奈町	埼玉県
伊那市	長野県
伊平屋村	沖縄県
伊方町	愛媛県
伊万里市	佐賀県
伊予市	愛媛県
井原市	岡山県
井手町	京都府
井川町	秋田県
磯子区	神奈川県
一関市	岩手県
一宮市	愛知県
一宮町	千葉県
一戸町	岩手県
壱岐市	長崎県
稲城市	東京都
稲沢市	愛知県
稲美町	兵庫県
稲敷市	茨城県
稲毛区	千葉県
茨城町	茨城県
茨木市	大阪府
印西市	千葉県
印南町	和歌山県
隠岐の島町	島根県
右京区	京都府
宇検村	鹿児島県
宇佐市	大分県
宇治市	京都府
宇治田原町	京都府
宇城市	熊本県
宇多津町	香川県
宇陀市	奈良県
宇都宮市	栃木県
宇土市	熊本県
宇美町	福岡県
宇部市	山口県
宇和島市	愛媛県
羽曳野市	大阪府
羽後町	秋田県
羽咋市	石川県
羽生市	埼玉県
羽村市	東京都
羽島市	岐阜県
羽幌町	北海道
雨竜町	北海道
臼杵市	大分県
浦安市	千葉県
浦臼町	北海道
浦河町	北海道
浦添市	沖縄県
浦幌町	北海道
浦和区	埼玉県
雲仙市	長崎県
雲南市	島根県
栄区	神奈川県
栄村	長野県
栄町	千葉県
永平寺町	福井県
益子町	栃木県
益城町	熊本県
益田市	島根県
越生町	埼玉県
越前市	福井県
越前町	福井県
越谷市	埼玉県
越知町	高知県
奄美市	鹿児島県
延岡市	宮崎県
燕市	新潟県
猿払村	北海道
遠賀町	福岡県
遠軽町	北海道
遠別町	北海道
遠野市	岩手県
塩尻市	長野県
塩谷町	栃木県
塩竈市	宮城県
奥州市	岩手県
奥出雲町	島根県
奥尻町	北海道
奥多摩町	東京都
横芝光町	千葉県
横手市	秋田県
横須賀市	神奈川県
横瀬町	埼玉県
横浜市	神奈川県
横浜町	青森県
王寺町	奈良県
王滝村	長野県
岡垣町	福岡県
岡崎市	愛知県
岡山市	岡山県
岡谷市	長野県
沖縄市	沖縄県
屋久島町	鹿児島県
桶川市	埼玉県
乙部町	北海道
恩納村	沖縄県
音威子府村	北海道
音更町	北海道
下関市	山口県
下京区	京都府
下郷町	福島県
下妻市	茨城県
下市町	奈良県
下松市	山口県
下仁田町	群馬県
下諏訪町	長野県
下川町	北海道
下田市	静岡県
下北山村	奈良県
下野市	栃木県
下呂市	岐阜県
下條村	長野県
加賀市	石川県
加古川市	兵庫県
加須市	埼玉県
加西市	兵庫県
加東市	兵庫県
加美町	宮城県
加茂市	新潟県
可児市	岐阜県
嘉手納町	沖縄県
嘉島町	熊本県
嘉麻市	福岡県
歌志内市	北海道
河合町	奈良県
河津町	静岡県
河内町	茨城県
河内長野市	大阪府
河南町	大阪府
河北町	山形県
花巻市	岩手県
花見川区	千葉県
我孫子市	千葉県
芽室町	北海道
会津坂下町	福島県
会津若松市	福島県
会津美里町	福島県
海士町	島根県
海津市	岐阜県
海田町	広島県
海南市	和歌山県
海陽町	徳島県
海老名市	神奈川県
皆野町	埼玉県
蟹江町	愛知県
開成町	神奈川県
階上町	青森県
貝塚市	大阪府
外ヶ浜町	青森県
各務原市	岐阜県
角田市	宮城県
掛川市	静岡県
笠岡市	岡山県
笠間市	茨城県
笠松町	岐阜県
笠置町	京都府
橿原市	奈良県
潟上市	秋田県
滑川市	富山県
滑川町	埼玉県
葛巻町	岩手県
葛城市	奈良県
葛飾区	東京都
葛尾村	福島県
蒲郡市	愛知県
釜石市	岩手県
鎌ケ谷市	千葉県
鎌倉市	神奈川県
鴨川市	千葉県
茅ヶ崎市	神奈川県
茅野市	長野県
刈羽村	新潟県
刈谷市	愛知県
苅田町	福岡県
寒河江市	山形県
寒川町	神奈川県
甘楽町	群馬県
肝付町	鹿児島県
観音寺市	香川県
関ケ原町	岐阜県
関市	岐阜県
関川村	新潟県
館山市	千葉県
館林市	群馬県
丸亀市	香川県
丸森町	宮城県
岸和田市	大阪府
岩見沢市	北海道
岩国市	山口県
岩手町	岩手県
岩出市	和歌山県
岩沼市	宮城県
岩泉町	岩手県
岩倉市	愛知県
岩槻区	埼玉県
岩内町	北海道
岩美町	鳥取県
喜界町	鹿児島県
喜多方市	福島県
喜茂別町	北海道
基山町	佐賀県
嬉野市	佐賀県
寄居町	埼玉県
岐南町	岐阜県
岐阜市	岐阜県
気仙沼市	宮城県
紀の川市	和歌山県
紀美野町	和歌山県
紀宝町	三重県
紀北町	三重県
鬼北町	愛媛県
亀岡市	京都府
亀山市	三重県
宜野座村	沖縄県
宜野湾市	沖縄県
菊川市	静岡県
菊池市	熊本県
菊陽町	熊本県
吉岡町	群馬県
吉賀町	島根県
吉見町	埼玉県
吉川市	埼玉県
吉田町	静岡県
吉備中央町	岡山県
吉富町	福岡県
吉野ヶ里町	佐賀県
吉野川市	徳島県
吉野町	奈良県
杵築市	大分県
久喜市	埼玉県
久御山町	京都府
久山町	福岡県
久慈市	岩手県
久米島町	沖縄県
久米南町	岡山県
久万高原町	愛媛県
久留米市	福岡県
宮古市	岩手県
宮古島市	沖縄県
宮崎市	宮崎県
宮若市	福岡県
宮城野区	宮城県
宮前区	神奈川県
宮代町	埼玉県
宮津市	京都府
宮田村	長野県
球磨村	熊本県
牛久市	茨城県
鋸南町	千葉県
魚沼市	新潟県
魚津市	富山県
京極町	北海道
京丹後市	京都府
京丹波町	京都府
京田辺市	京都府
京都市	京都府
共和町	北海道
喬木村	長野県
境港市	鳥取県
境町	茨城県
橋本市	和歌山県
狭山市	埼玉県
興部町	北海道
鏡石町	福島県
鏡野町	岡山県
玉城町	三重県
玉川村	福島県
玉村町	群馬県
玉東町	熊本県
玉名市	熊本県
玉野市	岡山県
桐生市	群馬県
錦江町	鹿児島県
錦町	熊本県
琴浦町	鳥取県
琴平町	香川県
近江八幡市	滋賀県
金ケ崎町	岩手県
金山町	山形県	福島県
金沢区	神奈川県
金沢市	石川県
金武町	沖縄県
九戸村	岩手県
九十九里町	千葉県
九重町	大分県
九度山町	和歌山県
倶知安町	北海道
玖珠町	大分県
駒ヶ根市	長野県
串間市	宮崎県
串本町	和歌山県
釧路市	北海道
釧路町	北海道
熊取町	大阪府
熊谷市	埼玉県
熊本市	熊本県
熊野市	三重県
熊野町	広島県
栗原市	宮城県
栗山町	北海道
栗東市	滋賀県
桑折町	福島県
桑名市	三重県
君津市	千葉県
訓子府町	北海道
郡山市	福島県
郡上市	岐阜県
恵庭市	北海道
恵那市	岐阜県
桂川町	福岡県
軽井沢町	長野県
軽米町	岩手県
芸西村	高知県
穴水町	石川県
結城市	茨城県
月形町	北海道
剣淵町	北海道
犬山市	愛知県
見沼区	埼玉県
見附市	新潟県
原村	長野県
玄海町	佐賀県
古河市	茨城県
古賀市	福岡県
古座川町	和歌山県
古殿町	福島県
古平町	北海道
戸沢村	山形県
戸塚区	神奈川県
戸田市	埼玉県
戸畑区	福岡県
湖西市	静岡県
湖南市	滋賀県
菰野町	三重県
五ヶ瀬町	宮崎県
五霞町	茨城県
五戸町	青森県
五所川原市	青森県
五城目町	秋田県
五泉市	新潟県
五島市	長崎県
五木村	熊本県
五條市	奈良県
呉市	広島県
御宿町	千葉県
御所市	奈良県
御杖村	奈良県
御嵩町	岐阜県
御船町	熊本県
御前崎市	静岡県
御蔵島村	東京都
御代田町	長野県
御殿場市	静岡県
御浜町	三重県
御坊市	和歌山県
交野市	大阪府
光市	山口県
厚岸町	北海道
厚真町	北海道
厚沢部町	北海道
厚別区	北海道
厚木市	神奈川県
向日市	京都府
幸区	神奈川県
幸手市	埼玉県
幸田町	愛知県
広川町	和歌山県	福岡県
広島市	広島県
広尾町	北海道
広野町	福島県
広陵町	奈良県
弘前市	青森県
更別村	北海道
江戸川区	東京都
江差町	北海道
江津市	島根県
江田島市	広島県
江東区	東京都
江南区	新潟県
江南市	愛知県
江府町	鳥取県
江別市	北海道
江北町	佐賀県
港区	東京都	愛知県	大阪府
港南区	神奈川県
港北区	神奈川県
甲賀市	滋賀県
甲佐町	熊本県
甲州市	山梨県
甲斐市	山梨県
甲府市	山梨県
甲良町	滋賀県
荒川区	東京都
荒尾市	熊本県
行橋市	福岡県
行田市	埼玉県
行方市	茨城県
香芝市	奈良県
香取市	千葉県
香春町	福岡県
香南市	高知県
香美市	高知県
香美町	兵庫県
高岡市	富山県
高原町	宮崎県
高根沢町	栃木県
高砂市	兵庫県
高崎市	群馬県
高山市	岐阜県
高山村	群馬県	長野県
高取町	奈良県
高松市	香川県
高森町	長野県	熊本県
高石市	大阪府
高千穂町	宮崎県
高知市	高知県
高津区	神奈川県
高槻市	大阪府
高島市	滋賀県
高鍋町	宮崎県
高萩市	茨城県
高畠町	山形県
高浜市	愛知県
高浜町	福井県
高野町	和歌山県
高梁市	岡山県
鴻巣市	埼玉県
合志市	熊本県
国見町	福島県
国東市	大分県
国頭村	沖縄県
国富町	宮崎県
国分寺市	東京都
国立市	東京都
黒松内町	北海道
黒石市	青森県
黒滝村	奈良県
黒潮町	高知県
黒部市	富山県
狛江市	東京都
此花区	大阪府
今帰仁村	沖縄県
今金町	北海道
今治市	愛媛県
今別町	青森県
根羽村	長野県
根室市	北海道
佐井村	青森県
佐賀市	佐賀県
佐久市	長野県
佐久穂町	長野県
佐々町	長崎県
佐世保市	長崎県
佐川町	高知県
佐倉市	千葉県
佐渡市	新潟県
佐那河内村	徳島県
佐伯区	広島県
佐伯市	大分県
佐野市	栃木県
佐用町	兵庫県
佐呂間町	北海道
左京区	京都府
砂川市	北海道
座間市	神奈川県
座間味村	沖縄県
最上町	山形県
坂井市	福井県
坂戸市	埼玉県
坂祝町	岐阜県
坂出市	香川県
坂城町	長野県
坂町	広島県
坂東市	茨城県
阪南市	大阪府
堺区	大阪府
堺市	大阪府
桜井市	奈良県
桜区	埼玉県
桜川市	茨城県
鮭川村	山形県
札幌市	北海道
薩摩川内市	鹿児島県
鯖江市	福井県
鮫川村	福島県
三浦市	神奈川県
三笠市	北海道
三郷市	埼玉県
三郷町	奈良県
三原市	広島県
三原村	高知県
三戸町	青森県
三股町	宮崎県
三好市	徳島県
三次市	広島県
三種町	秋田県
三春町	福島県
三条市	新潟県
三川町	山形県
三鷹市	東京都
三宅村	東京都
三宅町	奈良県
三沢市	青森県
三朝町	鳥取県
三田市	兵庫県
三島市	静岡県
三島村	鹿児島県
三島町	福島県
三芳町	埼玉県
三豊市	香川県
三木市	兵庫県
三木町	香川県
山ノ内町	長野県
山科区	京都府
山形市	山形県
山形村	長野県
山県市	岐阜県
山元町	宮城県
山口市	山口県
山江村	熊本県
山鹿市	熊本県
山中湖村	山梨県
山添村	奈良県
山田町	岩手県
山都町	熊本県
山武市	千葉県
山辺町	山形県
山北町	神奈川県
山陽小野田市	山口県
山梨市	山梨県
産山村	熊本県
四街道市	千葉県
四国中央市	愛媛県
四日市市	三重県
四万十市	高知県
四万十町	高知県
四條畷市	大阪府
士別市	北海道
士幌町	北海道
市貝町	栃木県
市原市	千葉県
市川三郷町	山梨県
市川市	千葉県
市川町	兵庫県
志賀町	石川県
志布志市	鹿児島県
志摩市	三重県
志免町	福岡県
志木市	埼玉県
指宿市	鹿児島県
枝幸町	北海道
糸魚川市	新潟県
糸田町	福岡県
糸島市	福岡県
糸満市	沖縄県
紫波町	岩手県
時津町	長崎県
鹿屋市	鹿児島県
鹿角市	秋田県
鹿児島市	鹿児島県
鹿沼市	栃木県
鹿追町	北海道
鹿島市	佐賀県
鹿嶋市	茨城県
鹿部町	北海道
宍粟市	兵庫県
雫石町	岩手県
七ヶ宿町	宮城県
七ヶ浜町	宮城県
七戸町	青森県
七宗町	岐阜県
七飯町	北海道
七尾市	石川県
室戸市	高知県
室蘭市	北海道
篠栗町	福岡県
柴田町	宮城県
芝山町	千葉県
射水市	富山県
斜里町	北海道
紗那村	北海道
若狭町	福井県
若桜町	鳥取県
若松区	福岡県
若葉区	千葉県
若林区	宮城県
取手市	茨城県
守口市	大阪府
守山区	愛知県
守山市	滋賀県
守谷市	茨城県
手稲区	北海道
珠洲市	石川県
酒々井町	千葉県
酒田市	山形県
寿都町	北海道
周南市	山口県
周防大島町	山口県
宗像市	福岡県
洲本市	兵庫県
秋田市	秋田県
秋葉区	新潟県
習志野市	千葉県
舟橋村	富山県
舟形町	山形県
住吉区	大阪府
住田町	岩手県
住之江区	大阪府
十津川村	奈良県
十島村	鹿児島県
十日町市	新潟県
十和田市	青森県
渋川市	群馬県
渋谷区	東京都
宿毛市	高知県
出雲崎町	新潟県
出雲市	島根県
出水市	鹿児島県
春日井市	愛知県
春日市	福岡県
春日部市	埼玉県
駿河区	静岡県
初山別村	北海道
所沢市	埼玉県
諸塚村	宮崎県
女川町	宮城県
勝浦市	千葉県
勝浦町	徳島県
勝央町	岡山県
勝山市	福井県
小海町	長野県
小笠原村	東京都
小金井市	東京都
小郡市	福岡県
小国町	山形県	熊本県
小坂町	秋田県
小山市	栃木県
小山町	静岡県
小鹿野町	埼玉県
小諸市	長野県
小松市	石川県
小松島市	徳島県
小城市	佐賀県
小菅村	山梨県
小清水町	北海道
小千谷市	新潟県
小川村	長野県
小川町	埼玉県
小倉南区	福岡県
小倉北区	福岡県
小谷村	長野県
小樽市	北海道
小値賀町	長崎県
小竹町	福岡県
小田原市	神奈川県
小豆島町	香川県
小美玉市	茨城県
小浜市	福井県
小布施町	長野県
小平市	東京都
小平町	北海道
小牧市	愛知県
小野市	兵庫県
小野町	福島県
小矢部市	富山県
小林市	宮崎県
庄原市	広島県
庄内町	山形県
昭島市	東京都
昭和区	愛知県
昭和村	福島県	群馬県
昭和町	山梨県
松浦市	長崎県
松原市	大阪府
松戸市	千葉県
松江市	島根県
松阪市	三重県
松崎町	静岡県
松山市	愛媛県
松川村	長野県
松川町	長野県
松前町	北海道	愛媛県
松田町	神奈川県
松島町	宮城県
松伏町	埼玉県
松本市	長野県
松茂町	徳島県
松野町	愛媛県
沼津市	静岡県
沼田市	群馬県
沼田町	北海道
焼津市	静岡県
上ノ国町	北海道
上越市	新潟県
上関町	山口県
上京区	京都府
上郡町	兵庫県
上砂川町	北海道
上三川町	栃木県
上山市	山形県
上士幌町	北海道
上市町	富山県
上勝町	徳島県
上小阿仁村	秋田県
上松町	長野県
上川町	北海道
上天草市	熊本県
上田市	長野県
上島町	愛媛県
上板町	徳島県
上尾市	埼玉県
上富田町	和歌山県
上富良野町	北海道
上峰町	佐賀県
上北山村	奈良県
上牧町	奈良県
上毛町	福岡県
上野原市	山梨県
上野村	群馬県
上里町	埼玉県
城東区	大阪府
城南区	福岡県
城陽市	京都府
城里町	茨城県
常滑市	愛知県
常総市	茨城県
常陸太田市	茨城県
常陸大宮市	茨城県
色丹村	北海道
色麻町	宮城県
信濃町	長野県
寝屋川市	大阪府
新ひだか町	北海道
新温泉町	兵庫県
新潟市	新潟県
新冠町	北海道
新宮市	和歌山県
新宮町	福岡県
新居浜市	愛媛県
新郷村	青森県
新見市	岡山県
新座市	埼玉県
新篠津村	北海道
新十津川町	北海道
新宿区	東京都
新庄市	山形県
新庄村	岡山県
新上五島町	長崎県
新城市	愛知県
新地町	福島県
新島村	東京都
新得町	北海道
新発田市	新潟県
新富町	宮崎県
森町	北海道	静岡県
榛東村	群馬県
深浦町	青森県
深川市	北海道
深谷市	埼玉県
真岡市	栃木県
真室川町	山形県
真狩村	北海道
真鶴町	神奈川県
真庭市	岡山県
神河町	兵庫県
神恵内村	北海道
神戸市	兵庫県
神戸町	岐阜県
神崎町	千葉県
神埼市	佐賀県
神山町	徳島県
神栖市	茨城県
神石高原町	広島県
神川町	埼玉県
神津島村	東京都
神奈川区	神奈川県
神流町	群馬県
秦野市	神奈川県
身延町	山梨県
人吉市	熊本県
仁木町	北海道
仁淀川町	高知県
壬生町	栃木県
諏訪市	長野県
須賀川市	福島県
須恵町	福岡県
須坂市	長野県
須崎市	高知県
須磨区	兵庫県
逗子市	神奈川県
吹田市	大阪府
垂井町	岐阜県
垂水区	兵庫県
垂水市	鹿児島県
水巻町	福岡県
水戸市	茨城県
水上村	熊本県
水俣市	熊本県
瑞穂区	愛知県
瑞穂市	岐阜県
瑞穂町	東京都
瑞浪市	岐阜県
杉戸町	埼玉県
杉並区	東京都
裾野市	静岡県
世田谷区	東京都
世羅町	広島県
瀬戸市	愛知県
瀬戸内市	岡山県
瀬戸内町	鹿児島県
瀬谷区	神奈川県
成田市	千葉県
清須市	愛知県
清水区	静岡県
清水町	北海道	静岡県
清瀬市	東京都
清川村	神奈川県
清田区	北海道
清里町	北海道
生駒市	奈良県
生坂村	長野県
生野区	大阪府
盛岡市	岩手県
精華町	京都府
聖籠町	新潟県
西ノ島町	島根県
西粟倉村	岡山県
西伊豆町	静岡県
西会津町	福島県
西海市	長崎県
西蒲区	新潟県
西宮市	兵庫県
西京区	京都府
西興部村	北海道
西郷村	福島県
西区	北海道	埼玉県	神奈川県	新潟県	愛知県	大阪府	大阪府	兵庫県	広島県	福岡県	熊本県
西桂町	山梨県
西原村	熊本県
西原町	沖縄県
西条市	愛媛県
西成区	大阪府
西川町	山形県
西都市	宮崎県
西東京市	東京都
西之表市	鹿児島県
西尾市	愛知県
西米良村	宮崎県
西目屋村	青森県
西予市	愛媛県
西淀川区	大阪府
西和賀町	岩手県
西脇市	兵庫県
青ヶ島村	東京都
青森市	青森県
青梅市	東京都
青木村	長野県
青葉区	宮城県	神奈川県
静岡市	静岡県
石井町	徳島県
石岡市	茨城県
石垣市	沖縄県
石巻市	宮城県
石狩市	北海道
石川町	福島県
積丹町	北海道
赤井川村	北海道
赤村	福岡県
赤磐市	岡山県
赤平市	北海道
赤穂市	兵庫県
摂津市	大阪府
設楽町	愛知県
仙台市	宮城県
仙北市	秋田県
千曲市	長野県
千歳市	北海道
千種区	愛知県
千早赤阪村	大阪府
千代田区	東京都
千代田町	群馬県
千葉市	千葉県
占冠村	北海道
川越市	埼玉県
川越町	三重県
川口市	埼玉県
川根本町	静岡県
川崎区	神奈川県
川崎市	神奈川県
川崎町	宮城県	福岡県
川上村	長野県	奈良県
川場村	群馬県
川西市	兵庫県
川西町	山形県	奈良県
川棚町	長崎県
川島町	埼玉県
川内村	福島県
川南町	宮崎県
川辺町	岐阜県
川北町	石川県
川本町	島根県
川俣町	福島県
泉区	宮城県	神奈川県
泉佐野市	大阪府
泉崎村	福島県
泉大津市	大阪府
泉南市	大阪府
浅口市	岡山県
浅川町	福島県
船橋市	千葉県
前橋市	群馬県
善通寺市	香川県
曽於市	鹿児島県
曽爾村	奈良県
双葉町	福島県
倉吉市	鳥取県
倉敷市	岡山県
壮瞥町	北海道
匝瑳市	千葉県
早川町	山梨県
早島町	岡山県
早良区	福岡県
相生市	兵庫県
相馬市	福島県
相模原市	神奈川県
相良村	熊本県
総社市	岡山県
草加市	埼玉県
草津市	滋賀県
草津町	群馬県
増毛町	北海道
蔵王町	宮城県
足寄町	北海道
足利市	栃木県
足立区	東京都
袖ケ浦市	千葉県
村山市	山形県
村上市	新潟県
村田町	宮城県
多可町	兵庫県
多賀城市	宮城県
多賀町	滋賀県
多気町	三重県
多久市	佐賀県
多古町	千葉県
多治見市	岐阜県
多度津町	香川県
多摩区	神奈川県
多摩市	東京都
多良間村	沖縄県
多良木町	熊本県
太宰府市	福岡県
太子町	大阪府	兵庫県
太地町	和歌山県
太田市	群馬県
太白区	宮城県
太良町	佐賀県
対馬市	長崎県
帯広市	北海道
泰阜村	長野県
胎内市	新潟県
袋井市	静岡県
台東区	東京都
大井町	神奈川県
大磯町	神奈川県
大河原町	宮城県
大垣市	岐阜県
大潟村	秋田県
大間町	青森県
大館市	秋田県
大紀町	三重県
大宜味村	沖縄県
大宮区	埼玉県
大郷町	宮城県
大玉村	福島県
大空町	北海道
大熊町	福島県
大桑村	長野県
大月市	山梨県
大月町	高知県
大口町	愛知県
大江町	山形県
大衡村	宮城県
大阪狭山市	大阪府
大阪市	大阪府
大崎市	宮城県
大崎上島町	広島県
大崎町	鹿児島県
大山崎町	京都府
大山町	鳥取県
大子町	茨城県
大治町	愛知県
大鹿村	長野県
大樹町	北海道
大洲市	愛媛県
大正区	大阪府
大石田町	山形県
大仙市	秋田県
大川市	福岡県
大川村	高知県
大泉町	群馬県
大洗町	茨城県
大船渡市	岩手県
大蔵村	山形県
大村市	長崎県
大多喜町	千葉県
大台町	三重県
大竹市	広島県
大町市	長野県
大町町	佐賀県
大津市	滋賀県
大津町	熊本県
大槌町	岩手県
大田区	東京都
大田原市	栃木県
大田市	島根県
大刀洗町	福岡県
大島町	東京都
大東市	大阪府
大任町	福岡県
大府市	愛知県
大分市	大分県
大豊町	高知県
大牟田市	福岡県
大網白里市	千葉県
大木町	福岡県
大野市	福井県
大野城市	福岡県
大野町	岐阜県
大淀町	奈良県
大和郡山市	奈良県
大和高田市	奈良県
大和市	神奈川県
大和村	鹿児島県
大和町	宮城県
大鰐町	青森県
鷹栖町	北海道
滝上町	北海道
滝川市	北海道
滝沢市	岩手県
只見町	福島県
辰野町	長野県
棚倉町	福島県
丹波山村	山梨県
丹波市	兵庫県
丹波篠山市	兵庫県
淡路市	兵庫県
男鹿市	秋田県
知多市	愛知県
知内町	北海道
知夫村	島根県
知名町	鹿児島県
知立市	愛知県
智頭町	鳥取県
池田市	大阪府
池田町	北海道	福井県	長野県	岐阜県
稚内市	北海道
置戸町	北海道
築上町	福岡県
竹原市	広島県
竹田市	大分県
竹富町	沖縄県
筑後市	福岡県
筑紫野市	福岡県
筑西市	茨城県
筑前町	福岡県
筑北村	長野県
秩父市	埼玉県
秩父別町	北海道
中井町	神奈川県
中央区	北海道	埼玉県	千葉県	東京都	神奈川県	新潟県	静岡県	大阪府	兵庫県	福岡県	熊本県
中央市	山梨県
中間市	福岡県
中京区	京都府
中区	神奈川県	愛知県	大阪府	岡山県	広島県
中原区	神奈川県
中札内村	北海道
中山町	山形県
中種子町	鹿児島県
中城村	沖縄県
中川区	愛知県
中川村	長野県
中川町	北海道
中村区	愛知県
中津市	大分県
中津川市	岐阜県
中土佐町	高知県
中島村	福島県
中頓別町	北海道
中之条町	群馬県
中能登町	石川県
中泊町	青森県
中標津町	北海道
中富良野町	北海道
中野区	東京都
中野市	長野県
忠岡町	大阪府
猪苗代町	福島県
猪名川町	兵庫県
朝霞市	埼玉県
朝倉市	福岡県
朝日村	長野県
朝日町	山形県	富山県	三重県
朝来市	兵庫県
潮来市	茨城県
町田市	東京都
調布市	東京都
銚子市	千葉県
長井市	山形県
長岡京市	京都府
長岡市	新潟県
長久手市	愛知県
長崎市	長崎県
長洲町	熊本県
長沼町	北海道
長生村	千葉県
長泉町	静岡県
長田区	兵庫県
長島町	鹿児島県
長瀞町	埼玉県
長南町	千葉県
長浜市	滋賀県
長柄町	千葉県
長万部町	北海道
長門市	山口県
長野原町	群馬県
長野市	長野県
長与町	長崎県
長和町	長野県
鳥羽市	三重県
鳥取市	鳥取県
鳥栖市	佐賀県
直島町	香川県
直方市	福岡県
津久見市	大分県
津山市	岡山県
津市	三重県
津島市	愛知県
津奈木町	熊本県
津南町	新潟県
津幡町	石川県
津別町	北海道
津野町	高知県
津和野町	島根県
椎葉村	宮崎県
嬬恋村	群馬県
鶴ヶ島市	埼玉県
鶴岡市	山形県
鶴居村	北海道
鶴見区	神奈川県	大阪府
鶴田町	青森県
弟子屈町	北海道
笛吹市	山梨県
天栄村	福島県
天塩町	北海道
天王寺区	大阪府
天城町	鹿児島県
天川村	奈良県
天草市	熊本県
天童市	山形県
天白区	愛知県
天理市	奈良県
天竜区	静岡県
天龍村	長野県
添田町	福岡県
田原市	愛知県
田原本町	奈良県
田子町	青森県
田舎館村	青森県
田上町	新潟県
田尻町	大阪府
田川市	福岡県
田村市	福島県
田布施町	山口県
田辺市	和歌山県
田野町	高知県
田野畑村	岩手県
渡嘉敷村	沖縄県
渡名喜村	沖縄県
登米市	宮城県
登別市	北海道
都城市	宮崎県
都筑区	神奈川県
都島区	大阪府
都農町	宮崎県
都留市	山梨県
砥部町	愛媛県
砺波市	富山県
度会町	三重県
土浦市	茨城県
土岐市	岐阜県
土佐市	高知県
土佐清水市	高知県
土佐町	高知県
土庄町	香川県
唐津市	佐賀県
島原市	長崎県
島田市	静岡県
島牧村	北海道
島本町	大阪府
東かがわ市	香川県
東みよし町	徳島県
東伊豆町	静岡県
東員町	三重県
東浦町	愛知県
東栄町	愛知県
東温市	愛媛県
東海市	愛知県
東海村	茨城県
東吉野村	奈良県
東久留米市	東京都
東郷町	愛知県
東近江市	滋賀県
東金市	千葉県
東区	北海道	新潟県	愛知県	大阪府	岡山県	広島県	福岡県	熊本県
東串良町	鹿児島県
東吾妻町	群馬県
東御市	長野県
東広島市	広島県
東根市	山形県
東山区	京都府
東住吉区	大阪府
東庄町	千葉県
東松山市	埼玉県
東松島市	宮城県
東神楽町	北海道
東成区	大阪府
東成瀬村	秋田県
東川町	北海道
東村	沖縄県
東村山市	東京都
東大阪市	大阪府
東大和市	東京都
東秩父村	埼玉県
東通村	青森県
東灘区	兵庫県
東白川村	岐阜県
東彼杵町	長崎県
東峰村	福岡県
東北町	青森県
東洋町	高知県
東淀川区	大阪府
梼原町	高知県
湯河原町	神奈川県
湯川村	福島県
湯浅町	和歌山県
湯前町	熊本県
湯沢市	秋田県
湯沢町	新潟県
湯梨浜町	鳥取県
当別町	北海道
当麻町	北海道
藤井寺市	大阪府
藤岡市	群馬県
藤崎町	青森県
藤枝市	静岡県
藤沢市	神奈川県
藤里町	秋田県
洞爺湖町	北海道
道志村	山梨県
徳島市	徳島県
徳之島町	鹿児島県
読谷村	沖縄県
栃木市	栃木県
苫小牧市	北海道
苫前町	北海道
敦賀市	福井県
奈井江町	北海道
奈義町	岡山県
奈半利町	高知県
奈良市	奈良県
那珂市	茨城県
那珂川市	福岡県
那珂川町	栃木県
那賀町	徳島県
那須烏山市	栃木県
那須塩原市	栃木県
那須町	栃木県
那智勝浦町	和歌山県
那覇市	沖縄県
内子町	愛媛県
内灘町	石川県
灘区	兵庫県
楢葉町	福島県
南アルプス市	山梨県
南あわじ市	兵庫県
南さつま市	鹿児島県
南阿蘇村	熊本県
南伊勢町	三重県
南伊豆町	静岡県
南越前町	福井県
南会津町	福島県
南関町	熊本県
南魚沼市	新潟県
南九州市	鹿児島県
南区	北海道	埼玉県	神奈川県	神奈川県	新潟県	愛知県	京都府	大阪府	岡山県	広島県	福岡県	熊本県
南国市	高知県
南三陸町	宮城県
南山城村	京都府
南種子町	鹿児島県
南小国町	熊本県
南城市	沖縄県
南相馬市	福島県
南相木村	長野県
南足柄市	神奈川県
南大隅町	鹿児島県
南大東村	沖縄県
南丹市	京都府
南知多町	愛知県
南砺市	富山県
南島原市	長崎県
南富良野町	北海道
南部町	青森県	山梨県	鳥取県
南風原町	沖縄県
南房総市	千葉県
南牧村	群馬県	長野県
南幌町	北海道
南箕輪村	長野県
南木曽町	長野県
南陽市	山形県
二宮町	神奈川県
二戸市	岩手県
二本松市	福島県
尼崎市	兵庫県
廿日市市	広島県
日の出町	東京都
日吉津村	鳥取県
日光市	栃木県
日向市	宮崎県
日高市	埼玉県
日高川町	和歌山県
日高村	高知県
日高町	北海道	和歌山県
日出町	大分県
日進市	愛知県
日置市	鹿児島県
日田市	大分県
日南市	宮崎県
日南町	鳥取県
日之影町	宮崎県
日野市	東京都
日野町	滋賀県	鳥取県
日立市	茨城県
入間市	埼玉県
入善町	富山県
韮崎市	山梨県
忍野村	山梨県
熱海市	静岡県
熱田区	愛知県
能勢町	大阪府
能代市	秋田県
能登町	石川県
能美市	石川県
播磨町	兵庫県
波佐見町	長崎県
馬路村	高知県
売木村	長野県
萩市	山口県
伯耆町	鳥取県
博多区	福岡県
柏原市	大阪府
柏崎市	新潟県
柏市	千葉県
泊村	北海道	北海道
白井市	千葉県
白岡市	埼玉県
白河市	福島県
白糠町	北海道
白山市	石川県
白子町	千葉県
白石区	北海道
白石市	宮城県
白石町	佐賀県
白川村	岐阜県
白川町	岐阜県
白鷹町	山形県
白馬村	長野県
白浜町	和歌山県
白老町	北海道
粕屋町	福岡県
函館市	北海道
函南町	静岡県
箱根町	神奈川県
八雲町	北海道
八王子市	東京都
八街市	千葉県
八戸市	青森県
八重瀬町	沖縄県
八女市	福岡県
八丈町	東京都
八千代市	千葉県
八千代町	茨城県
八代市	熊本県
八潮市	埼玉県
八頭町	鳥取県
八幡市	京都府
八幡西区	福岡県
八幡東区	福岡県
八幡浜市	愛媛県
八幡平市	岩手県
八尾市	大阪府
八百津町	岐阜県
八峰町	秋田県
八郎潟町	秋田県
鳩山町	埼玉県
塙町	福島県
半田市	愛知県
斑鳩町	奈良県
板橋区	東京都
板倉町	群馬県
板野町	徳島県
板柳町	青森県
飯舘村	福島県
飯綱町	長野県
飯山市	長野県
飯塚市	福岡県
飯田市	長野県
飯島町	長野県
飯南町	島根県
飯能市	埼玉県
飯豊町	山形県
磐梯町	福島県
磐田市	静岡県
比布町	北海道
飛騨市	岐阜県
飛島村	愛知県
備前市	岡山県
尾花沢市	山形県
尾張旭市	愛知県
尾道市	広島県
尾鷲市	三重県
美唄市	北海道
美浦村	茨城県
美瑛町	北海道
美郷町	秋田県	島根県	宮崎県
美原区	大阪府
美咲町	岡山県
美作市	岡山県
美深町	北海道
美祢市	山口県
美濃加茂市	岐阜県
美濃市	岐阜県
美波町	徳島県
美馬市	徳島県
美浜区	千葉県
美浜町	福井県	愛知県	和歌山県
美幌町	北海道
美里町	宮城県	埼玉県	熊本県
彦根市	滋賀県
姫島村	大分県
姫路市	兵庫県
標茶町	北海道
標津町	北海道
氷見市	富山県
氷川町	熊本県
品川区	東京都
浜松市	静岡県
浜中町	北海道
浜田市	島根県
浜頓別町	北海道
浜名区	静岡県
富岡市	群馬県
富岡町	福島県
富加町	岐阜県
富山市	富山県
富士河口湖町	山梨県
富士吉田市	山梨県
富士宮市	静岡県
富士見市	埼玉県
富士見町	長野県
富士市	静岡県
富士川町	山梨県
富谷市	宮城県
富津市	千葉県
富田林市	大阪府
富里市	千葉県
富良野市	北海道
府中市	東京都	広島県
府中町	広島県
扶桑町	愛知県
普代村	岩手県
武蔵村山市	東京都
武蔵野市	東京都
武豊町	愛知県
武雄市	佐賀県
舞鶴市	京都府
風間浦村	青森県
伏見区	京都府
福井市	福井県
福岡市	福岡県
福崎町	兵庫県
福山市	広島県
福生市	東京都
福知山市	京都府
福智町	福岡県
福津市	福岡県
福島区	大阪府
福島市	福島県
福島町	北海道
文京区	東京都
兵庫区	兵庫県
平群町	奈良県
平戸市	長崎県
平取町	北海道
平生町	山口県
平川市	青森県
平泉町	岩手県
平谷村	長野県
平塚市	神奈川県
平田村	福島県
平内町	青森県
平野区	大阪府
米原市	滋賀県
米子市	鳥取県
米沢市	山形県
碧南市	愛知県
別海町	北海道
別府市	大分県
片品村	群馬県
保土ケ谷区	神奈川県
宝達志水町	石川県
宝塚市	兵庫県
芳賀町	栃木県
蓬田村	青森県
豊浦町	北海道
豊岡市	兵庫県
豊丘村	長野県
豊橋市	愛知県
豊郷町	滋賀県
豊見城市	沖縄県
豊後高田市	大分県
豊後大野市	大分県
豊頃町	北海道
豊根村	愛知県
豊山町	愛知県
豊川市	愛知県
豊前市	福岡県
豊中市	大阪府
豊田市	愛知県
豊島区	東京都
豊能町	大阪府
豊富町	北海道
豊平区	北海道
豊明市	愛知県
鉾田市	茨城県
防府市	山口県
北茨城市	茨城県
北栄町	鳥取県
北塩原村	福島県
北九州市	福岡県
北区	北海道	埼玉県	東京都	新潟県	愛知県	京都府	大阪府	大阪府	兵庫県	岡山県	熊本県
北見市	北海道
北広島市	北海道
北広島町	広島県
北山村	和歌山県
北秋田市	秋田県
北上市	岩手県
北川村	高知県
北相木村	長野県
北大東村	沖縄県
北谷町	沖縄県
北中城村	沖縄県
北斗市	北海道
北杜市	山梨県
北島町	徳島県
北方町	岐阜県
北本市	埼玉県
北名古屋市	愛知県
北竜町	北海道
墨田区	東京都
牧之原市	静岡県
睦沢町	千葉県
幌延町	北海道
幌加内町	北海道
本宮市	福島県
本山町	高知県
本庄市	埼玉県
本巣市	岐阜県
本部町	沖縄県
本別町	北海道
麻生区	神奈川県
麻績村	長野県
妹背牛町	北海道
枚方市	大阪府
幕別町	北海道
枕崎市	鹿児島県
箕面市	大阪府
箕輪町	長野県
岬町	大阪府
妙高市	新潟県
牟岐町	徳島県
霧島市	鹿児島県
名寄市	北海道
名古屋市	愛知県
名護市	沖縄県
名取市	宮城県
名張市	三重県
名東区	愛知県
明石市	兵庫県
明日香村	奈良県
明和町	群馬県	三重県
鳴沢村	山梨県
鳴門市	徳島県
茂原市	千葉県
茂木町	栃木県
毛呂山町	埼玉県
網走市	北海道
木古内町	北海道
木更津市	千葉県
木城町	宮崎県
木曽町	長野県
木曽岬町	三重県
木祖村	長野県
木津川市	京都府
木島平村	長野県
目黒区	東京都
紋別市	北海道
門司区	福岡県
門真市	大阪府
門川町	宮崎県
野洲市	滋賀県
野沢温泉村	長野県
野田市	千葉県
野田村	岩手県
野迫川村	奈良県
野辺地町	青森県
野木町	栃木県
野々市市	石川県
弥彦村	新潟県
弥富市	愛知県
矢掛町	岡山県
矢巾町	岩手県
矢祭町	福島県
矢吹町	福島県
矢板市	栃木県
柳井市	山口県
柳川市	福岡県
柳津町	福島県
揖斐川町	岐阜県
有田市	和歌山県
有田川町	和歌山県
有田町	佐賀県
湧水町	鹿児島県
湧別町	北海道
涌谷町	宮城県
由仁町	北海道
由布市	大分県
由利本荘市	秋田県
由良町	和歌山県
遊佐町	山形県
邑楽町	群馬県
邑南町	島根県
雄武町	北海道
夕張市	北海道
余市町	北海道
与謝野町	京都府
与那原町	沖縄県
与那国町	沖縄県
与論町	鹿児島県
様似町	北海道
洋野町	岩手県
葉山町	神奈川県
養父市	兵庫県
養老町	岐阜県
淀川区	大阪府
羅臼町	北海道
嵐山町	埼玉県
藍住町	徳島県
蘭越町	北海道
利根町	茨城県
利尻町	北海道
利尻富士町	北海道
利島村	東京都
利府町	宮城県
里庄町	岡山県
陸前高田市	岩手県
陸別町	北海道
立科町	長野県
立山町	富山県
立川市	東京都
流山市	千葉県
留寿都村	北海道
留別村	北海道
留萌市	北海道
留夜別村	北海道
竜王町	滋賀県
龍ケ崎市	茨城県
龍郷町	鹿児島県
緑区	埼玉県	千葉県	神奈川県	神奈川県	愛知県
輪島市	石川県
輪之内町	岐阜県
礼文町	北海道
苓北町	熊本県
鈴鹿市	三重県
練馬区	東京都
蓮田市	埼玉県
浪江町	福島県
浪速区	大阪府
六ヶ所村	青森県
六戸町	青森県
和歌山市	和歌山県
和寒町	北海道
和気町	岡山県
和光市	埼玉県
和水町	熊本県
和泉市	大阪府
和束町	京都府
和泊町	鹿児島県
和木町	山口県
亘理町	宮城県
蕨市	埼玉県
檜原村	東京都
檜枝岐村	福島県
蘂取村	北海道
諫早市	長崎県
鰺ヶ沢町	青森県
